"Activity","Subject","Time.domain.Body.linear.acceleration.Mean.X.axis","Time.domain.Body.linear.acceleration.Mean.Y.axis","Time.domain.Body.linear.acceleration.Mean.Z.axis","Time.domain.Body.linear.acceleration.Standard.deviation.X.axis","Time.domain.Body.linear.acceleration.Standard.deviation.Y.axis","Time.domain.Body.linear.acceleration.Standard.deviation.Z.axis","Time.domain.Gravity.linear.acceleration.Mean.X.axis","Time.domain.Gravity.linear.acceleration.Mean.Y.axis","Time.domain.Gravity.linear.acceleration.Mean.Z.axis","Time.domain.Gravity.linear.acceleration.Standard.deviation.X.axis","Time.domain.Gravity.linear.acceleration.Standard.deviation.Y.axis","Time.domain.Gravity.linear.acceleration.Standard.deviation.Z.axis","Time.domain.Body.linear.acceleration.Jerk.Mean.X.axis","Time.domain.Body.linear.acceleration.Jerk.Mean.Y.axis","Time.domain.Body.linear.acceleration.Jerk.Mean.Z.axis","Time.domain.Body.linear.acceleration.Jerk.Standard.deviation.X.axis","Time.domain.Body.linear.acceleration.Jerk.Standard.deviation.Y.axis","Time.domain.Body.linear.acceleration.Jerk.Standard.deviation.Z.axis","Time.domain.Body.Gyroscope.Mean.X.axis","Time.domain.Body.Gyroscope.Mean.Y.axis","Time.domain.Body.Gyroscope.Mean.Z.axis","Time.domain.Body.Gyroscope.Standard.deviation.X.axis","Time.domain.Body.Gyroscope.Standard.deviation.Y.axis","Time.domain.Body.Gyroscope.Standard.deviation.Z.axis","Time.domain.Body.Gyroscope.Jerk.Mean.X.axis","Time.domain.Body.Gyroscope.Jerk.Mean.Y.axis","Time.domain.Body.Gyroscope.Jerk.Mean.Z.axis","Time.domain.Body.Gyroscope.Jerk.Standard.deviation.X.axis","Time.domain.Body.Gyroscope.Jerk.Standard.deviation.Y.axis","Time.domain.Body.Gyroscope.Jerk.Standard.deviation.Z.axis","Time.domain.Body.linear.acceleration.Euclidean.norm.Magnitude.Mean","Time.domain.Body.linear.acceleration.Euclidean.norm.Magnitude.Standard.deviation","Time.domain.Gravity.linear.acceleration.Euclidean.norm.Magnitude.Mean","Time.domain.Gravity.linear.acceleration.Euclidean.norm.Magnitude.Standard.deviation","Time.domain.Body.linear.acceleration.Jerk.Euclidean.norm.Magnitude.Mean","Time.domain.Body.linear.acceleration.Jerk.Euclidean.norm.Magnitude.Standard.deviation","Time.domain.Body.Gyroscope.Euclidean.norm.Magnitude.Mean","Time.domain.Body.Gyroscope.Euclidean.norm.Magnitude.Standard.deviation","Time.domain.Body.Gyroscope.Jerk.Euclidean.norm.Magnitude.Mean","Time.domain.Body.Gyroscope.Jerk.Euclidean.norm.Magnitude.Standard.deviation","Fast.Fourier.Transformed.Body.linear.acceleration.Mean.X.axis","Fast.Fourier.Transformed.Body.linear.acceleration.Mean.Y.axis","Fast.Fourier.Transformed.Body.linear.acceleration.Mean.Z.axis","Fast.Fourier.Transformed.Body.linear.acceleration.Standard.deviation.X.axis","Fast.Fourier.Transformed.Body.linear.acceleration.Standard.deviation.Y.axis","Fast.Fourier.Transformed.Body.linear.acceleration.Standard.deviation.Z.axis","Fast.Fourier.Transformed.Body.linear.acceleration.Jerk.Mean.X.axis","Fast.Fourier.Transformed.Body.linear.acceleration.Jerk.Mean.Y.axis","Fast.Fourier.Transformed.Body.linear.acceleration.Jerk.Mean.Z.axis","Fast.Fourier.Transformed.Body.linear.acceleration.Jerk.Standard.deviation.X.axis","Fast.Fourier.Transformed.Body.linear.acceleration.Jerk.Standard.deviation.Y.axis","Fast.Fourier.Transformed.Body.linear.acceleration.Jerk.Standard.deviation.Z.axis","Fast.Fourier.Transformed.Body.Gyroscope.Mean.X.axis","Fast.Fourier.Transformed.Body.Gyroscope.Mean.Y.axis","Fast.Fourier.Transformed.Body.Gyroscope.Mean.Z.axis","Fast.Fourier.Transformed.Body.Gyroscope.Standard.deviation.X.axis","Fast.Fourier.Transformed.Body.Gyroscope.Standard.deviation.Y.axis","Fast.Fourier.Transformed.Body.Gyroscope.Standard.deviation.Z.axis","Fast.Fourier.Transformed.Body.linear.acceleration.Euclidean.norm.Magnitude.Mean","Fast.Fourier.Transformed.Body.linear.acceleration.Euclidean.norm.Magnitude.Standard.deviation","Fast.Fourier.Transformed.Body.linear.acceleration.Jerk.Euclidean.norm.Magnitude.Mean","Fast.Fourier.Transformed.Body.linear.acceleration.Jerk.Euclidean.norm.Magnitude.Standard.deviation","Fast.Fourier.Transformed.Body.Gyroscope.Euclidean.norm.Magnitude.Mean","Fast.Fourier.Transformed.Body.Gyroscope.Euclidean.norm.Magnitude.Standard.deviation","Fast.Fourier.Transformed.Body.Gyroscope.Jerk.Euclidean.norm.Magnitude.Mean","Fast.Fourier.Transformed.Body.Gyroscope.Jerk.Euclidean.norm.Magnitude.Standard.deviation","Angle.of.Time.domain.Body.linear.acceleration.Mean.and.Gravity","Angle.of.Time.domain.Body.linear.acceleration.Jerk.Mean.and.Gravity.Mean","Angle.of.Time.domain.Body.Gyroscope.Mean.and.Gravity.Mean","Angle.of.Time.domain.Body.Gyroscope.Jerk.Mean.and.Gravity.Mean","Angle.of.X.axis.and.Gravity.Mean","Angle.of.Y.axis.and.Gravity.Mean","Angle.of.Z.axis.and.Gravity.Mean"
"SITTING",1,0.2731084,0.0065181116,-0.10947182,-0.99078294,-0.93506515,-0.99072156,0.87653997,0.12558056,0.32520586,-0.97677857,-0.91534904,-0.99164161,0.084520112,-0.018946735,0.0076682065,-0.99051461,-0.99076345,-0.99205386,-0.14933808,-0.10757556,-0.28657183,-0.94503475,-0.98871206,-0.83657336,-0.060468253,-0.047491065,0.053835275,-0.99831777,-0.99404793,-0.99635394,-0.96816289,-0.94767986,-0.96816289,-0.94767986,-0.9923627,-0.99272934,-0.78814522,-0.82768948,-0.99529654,-0.99563264,-0.98981469,-0.95409312,-0.99134764,-0.99110846,-0.92953745,-0.99012132,-0.99075219,-0.99066458,-0.99097901,-0.99105092,-0.99155239,-0.99158121,-0.94008916,-0.989201,-0.83844239,-0.94678149,-0.98838593,-0.85070435,-0.96858175,-0.94488385,-0.99263806,-0.99098543,-0.87774284,-0.82666953,-0.99561812,-0.9955675,-0.033284006,-0.19260855,0.61787351,-0.51240546,-0.65078203,-0.0030485384,-0.21119617
"SITTING",1,0.14450396,0.18926326,0.062769317,-0.90429967,-0.18193654,-0.44315051,0.87409866,0.042479149,0.33309449,-0.81418938,-0.25461649,-0.34244329,0.13805762,-0.34777099,-0.33527233,-0.98122357,-0.96614228,-0.98349118,-0.046489666,-0.28289794,0.22948437,-0.9733557,-0.97220339,-0.9171989,-0.11571413,-0.066663019,0.01633599,-0.98520162,-0.98666522,-0.98196657,-0.5543692,-0.18717165,-0.5543692,-0.18717165,-0.97526798,-0.97133698,-0.8738801,-0.96976795,-0.99023484,-0.9801139,-0.92128754,-0.43277861,-0.61401743,-0.89802907,-0.12526373,-0.40381329,-0.98209043,-0.96914184,-0.9815657,-0.98187701,-0.96489086,-0.98385314,-0.967536,-0.9690438,-0.89992251,-0.97513158,-0.97447678,-0.93123209,-0.44662992,-0.19941645,-0.97565857,-0.96429842,-0.97506987,-0.97112442,-0.98331724,-0.9772135,0.013525973,0.043354353,0.021485361,0.046689153,-0.66708465,0.054216165,-0.21887457
"SITTING",1,0.28725164,-0.037455064,-0.14597431,-0.98291504,-0.89160489,-0.94143811,0.83566368,0.16067501,0.39982173,-0.96038769,-0.89611252,-0.91088155,0.089548399,-0.034317974,0.0030597368,-0.99243453,-0.98825647,-0.99383772,-0.04840838,-0.23917386,0.24705037,-0.99422554,-0.97536842,-0.9688802,-0.094242126,-0.022414444,-0.06697056,-0.99703744,-0.99794847,-0.99666202,-0.93459377,-0.93195422,-0.93459377,-0.93195422,-0.99288968,-0.99458511,-0.89520271,-0.95274453,-0.99808771,-0.99875192,-0.98612352,-0.9319656,-0.97975316,-0.9814758,-0.88046372,-0.9286557,-0.99252438,-0.98909638,-0.99178965,-0.99298662,-0.98798979,-0.99462142,-0.9938543,-0.97978496,-0.97820971,-0.99427314,-0.97297426,-0.96880151,-0.95362658,-0.93096339,-0.99476974,-0.99278695,-0.96970623,-0.95058339,-0.99858976,-0.99876688,0.19473475,-0.14805562,0.033529451,-0.12702787,-0.56480737,-0.027044798,-0.26605456
"SITTING",1,0.2799976,-0.019484036,-0.10572355,-0.99281839,-0.94035041,-0.98149266,0.83695957,0.15187734,0.38646765,-0.98263913,-0.94642426,-0.96440037,0.071215441,0.044244119,0.020358157,-0.9946122,-0.99291965,-0.99189025,-0.039411936,-0.16674787,0.18301929,-0.99564427,-0.97823105,-0.96663998,-0.095291208,-0.026020031,-0.078193929,-0.99807729,-0.99817308,-0.99835245,-0.97699498,-0.97105963,-0.97699498,-0.97105963,-0.99423479,-0.99452938,-0.94096567,-0.95416523,-0.99886254,-0.9991864,-0.99293691,-0.95749137,-0.98337133,-0.9926239,-0.9352808,-0.98084231,-0.99433646,-0.99333255,-0.99017788,-0.9954535,-0.99285842,-0.99217735,-0.99528558,-0.98342481,-0.96993296,-0.99568476,-0.97548568,-0.96842315,-0.97670695,-0.9712139,-0.99398527,-0.99407461,-0.96972021,-0.95245005,-0.99897315,-0.99932551,-0.22868834,-0.097214562,0.024191641,0.0063291237,-0.57936742,-0.021566893,-0.2575301
"SITTING",1,0.22184689,0.034107675,-0.12361242,-0.81470826,-0.749418,-0.57189889,0.83878762,0.15070183,0.38345181,-0.99203824,-0.96233892,-0.96232958,-0.013591322,0.12068585,0.22870415,-0.88383041,-0.85460677,-0.91135086,-0.037731641,0.021333829,0.076579313,-0.73087388,-0.49964946,-0.56901637,-0.016521407,-0.065023681,-0.15063907,-0.89380459,-0.88147183,-0.85853561,-0.81575864,-0.50812531,-0.81575864,-0.50812531,-0.91387886,-0.81597791,-0.68190845,-0.27136454,-0.9175591,-0.83220576,-0.80764453,-0.76550533,-0.67628885,-0.81740855,-0.75605135,-0.55205838,-0.88214836,-0.85881998,-0.90403706,-0.8964778,-0.85985543,-0.91690502,-0.74866144,-0.69737845,-0.65352471,-0.73003425,-0.41291791,-0.58390665,-0.61264851,-0.53386872,-0.86032147,-0.76927158,-0.60433533,-0.22046404,-0.87086437,-0.80216905,0.17922318,0.077594975,0.05634828,-0.31672663,-0.58280626,-0.020755925,-0.25526977
"SITTING",1,-0.041701306,0.17510248,0.025551778,-0.75839283,-0.58653735,-0.43911019,0.81080506,0.19559534,0.38713197,-0.80474333,-0.73280728,-0.84969761,0.050456562,0.090830365,0.0053317431,-0.85803037,-0.84002483,-0.8962204,-0.0038232806,0.019187316,-0.050212092,-0.72058157,-0.48896854,-0.50932463,-0.095521677,-0.067817006,-0.040522627,-0.88630796,-0.87419654,-0.84808876,-0.50739668,-0.49055481,-0.50739668,-0.49055481,-0.86678801,-0.83897844,-0.59287987,-0.35701417,-0.88878839,-0.85172027,-0.81335631,-0.70656744,-0.70433301,-0.73954717,-0.5594663,-0.3690514,-0.8667756,-0.84357581,-0.89207213,-0.86126158,-0.84714569,-0.89848012,-0.77404985,-0.6872257,-0.68464064,-0.71281525,-0.40157813,-0.50884639,-0.68219367,-0.4881476,-0.85131788,-0.82288377,-0.65163072,-0.3117463,-0.87238357,-0.83747045,0.11475995,0.11443621,-0.07078246,-0.0014609828,-0.5529392,-0.053538987,-0.26042439
"SITTING",1,0.013903671,0.15329608,0.016242945,-0.80863778,-0.57274619,-0.62641542,0.70308608,0.31406786,0.43977403,-0.59632839,-0.53455402,-0.64299102,0.17843808,-0.11966443,-0.25914034,-0.92242832,-0.93646888,-0.95518789,-0.0045972195,-0.15669611,0.060405191,-0.92572959,-0.89701675,-0.72055919,-0.18174043,-0.014079617,0.047204388,-0.9636738,-0.95824501,-0.9490345,-0.62102725,-0.48451097,-0.62102725,-0.48451097,-0.94302661,-0.91068062,-0.85361742,-0.81063604,-0.9660986,-0.9471408,-0.85010909,-0.76166325,-0.72770498,-0.79420134,-0.52521634,-0.6046235,-0.92109636,-0.93762977,-0.94925418,-0.93108771,-0.93956888,-0.95970531,-0.88630279,-0.91679646,-0.78006986,-0.93920178,-0.88702317,-0.72890522,-0.69185852,-0.47811404,-0.91377977,-0.90566871,-0.85722556,-0.81369615,-0.94761761,-0.94961434,-0.0049131687,0.033987522,-0.036067731,0.20511256,-0.41836808,-0.14254902,-0.30588383
"SITTING",1,0.30368927,-0.0042428053,-0.15085028,-0.95650333,-0.83867155,-0.94300953,0.6182581,0.40950272,0.4812985,-0.90544971,-0.85046281,-0.91527246,0.098998778,-0.074612565,-0.0073366086,-0.98969999,-0.98115962,-0.99574605,-0.042681542,-0.15263343,0.20315388,-0.99621609,-0.97820247,-0.97771988,-0.10305335,-0.011939118,-0.062791658,-0.99592893,-0.98907867,-0.99323089,-0.91595384,-0.89361999,-0.91595384,-0.89361999,-0.99107291,-0.98994373,-0.93617751,-0.96711724,-0.99314699,-0.98932118,-0.9677791,-0.87902803,-0.98069583,-0.95235854,-0.82955267,-0.93038551,-0.98835635,-0.98103161,-0.99519463,-0.99249781,-0.98267927,-0.99473074,-0.9939928,-0.97374029,-0.98158671,-0.99699378,-0.98157382,-0.97832539,-0.90549594,-0.90262603,-0.99033636,-0.98782658,-0.96910523,-0.97115637,-0.98956557,-0.98918242,-0.012337932,0.09462246,0.029126625,-0.13424521,-0.30588411,-0.21333904,-0.33700092
"SITTING",1,0.29075969,-0.02403476,-0.11673889,-0.97737449,-0.96384053,-0.96250503,0.6220655,0.41986657,0.46862799,-0.95196097,-0.96299035,-0.94159828,0.062975489,0.03415889,0.033170611,-0.99358012,-0.99102301,-0.9989028,-0.041556713,-0.11325798,0.1566043,-0.99813599,-0.99054256,-0.97702357,-0.095537878,-0.035066258,-0.068364914,-0.99918853,-0.99412613,-0.99735654,-0.97480504,-0.9566084,-0.97480504,-0.9566084,-0.99684513,-0.99590981,-0.96385423,-0.97509882,-0.99679493,-0.99571251,-0.98339322,-0.97465043,-0.97488987,-0.974984,-0.96006561,-0.95783963,-0.99375401,-0.99063849,-0.99841352,-0.99392194,-0.99220246,-0.99787899,-0.9980739,-0.9912576,-0.98090949,-0.99808887,-0.99006757,-0.97768507,-0.96861566,-0.95600866,-0.99554762,-0.99517066,-0.98475673,-0.9733614,-0.9958058,-0.9954641,0.096193097,-0.13137498,0.07763988,-0.037327157,-0.30919487,-0.22111662,-0.32645795
"SITTING",1,0.27090823,-0.014412968,-0.10652245,-0.99385604,-0.9931787,-0.9934703,0.62745102,0.41503721,0.46423103,-0.98694934,-0.99214128,-0.98848719,0.075591498,0.011694892,-0.0072211967,-0.99740715,-0.99211449,-0.99739047,-0.035457677,-0.091001714,0.11779396,-0.99673098,-0.99424221,-0.98667882,-0.095751535,-0.036409127,-0.065751415,-0.99879597,-0.99464491,-0.99681566,-0.99523836,-0.99550157,-0.99523836,-0.99550157,-0.99763638,-0.99785691,-0.98430476,-0.98688986,-0.99703141,-0.99591487,-0.99597643,-0.99340829,-0.99489744,-0.99282051,-0.99235834,-0.99211813,-0.99732906,-0.99224316,-0.99601381,-0.99773605,-0.99249266,-0.9974402,-0.99696281,-0.99334008,-0.98624004,-0.99658723,-0.99485993,-0.98790654,-0.99683806,-0.99428267,-0.99778629,-0.99658205,-0.991537,-0.98593044,-0.99608502,-0.99554573,0.064398152,0.30092387,0.11765544,-0.046454587,-0.3167322,-0.21772934,-0.32332877
"SITTING",1,0.2795534,-0.017001147,-0.11051668,-0.99607594,-0.99578152,-0.99822168,0.62532313,0.41648854,0.46494774,-0.99505769,-0.9965211,-0.99381054,0.072773826,0.0035293806,-0.00060033363,-0.99646841,-0.99119252,-0.99673754,-0.030919137,-0.074625079,0.094283835,-0.99909646,-0.99291725,-0.99092483,-0.096390151,-0.03903317,-0.061621011,-0.99873284,-0.99459335,-0.99532203,-0.99906744,-0.99906531,-0.99906744,-0.99906531,-0.99661376,-0.99756977,-0.99388844,-0.9937742,-0.99658655,-0.99598442,-0.99612732,-0.99272576,-0.99818451,-0.99594084,-0.99697932,-0.99748962,-0.99670618,-0.99155288,-0.99688883,-0.9964667,-0.99132658,-0.99494922,-0.99872231,-0.99296995,-0.99091693,-0.99920566,-0.9928408,-0.99161487,-0.99835502,-0.99914369,-0.99779214,-0.99581104,-0.99410838,-0.99442573,-0.99603174,-0.99580097,-0.0081442943,0.55931755,0.14252698,-0.016025225,-0.31457502,-0.2189352,-0.32398842
"SITTING",1,0.27635864,-0.016138088,-0.10803259,-0.99557733,-0.99454385,-0.99454372,0.62577398,0.4168573,0.46439573,-0.99616079,-0.99837049,-0.9954126,0.076218027,0.0094053857,-0.0080907158,-0.99488413,-0.99050354,-0.99724301,-0.028201987,-0.072296089,0.084889322,-0.99834012,-0.99422482,-0.99602129,-0.09732419,-0.042724214,-0.056653466,-0.99860547,-0.99482467,-0.99451645,-0.9980118,-0.9955942,-0.9980118,-0.9955942,-0.99594417,-0.99763017,-0.99663124,-0.99631676,-0.99648651,-0.99617057,-0.99529816,-0.99169066,-0.99619448,-0.99560896,-0.99562919,-0.99296166,-0.99502795,-0.99064115,-0.99663253,-0.99514544,-0.99098612,-0.99632589,-0.99794548,-0.99445974,-0.99484406,-0.99842318,-0.99402078,-0.99684885,-0.99642627,-0.99473344,-0.99760323,-0.99632383,-0.99582391,-0.99733499,-0.99596914,-0.99636766,-0.074261928,0.32451133,0.16126969,0.19214051,-0.31488562,-0.21916689,-0.32348431
"SITTING",1,0.23715407,0.0078251224,-0.12283791,-0.97995358,-0.86619341,-0.96829047,0.89093772,0.11359108,0.33032214,-0.93882287,-0.87952195,-0.96472588,0.075301588,0.082650327,-0.0089599647,-0.98434397,-0.97182661,-0.98618311,-0.22503946,-0.13315886,-0.59416576,-0.95390955,-0.97297342,-0.84095619,-0.076136273,-0.023511625,0.048746095,-0.99218252,-0.99252142,-0.99244534,-0.92623334,-0.94594716,-0.92623334,-0.94594716,-0.98365142,-0.97954382,-0.62607513,-0.83659935,-0.99269133,-0.99356814,-0.98333264,-0.89914658,-0.97708524,-0.97845261,-0.85859152,-0.96490936,-0.98365156,-0.96959332,-0.98323096,-0.98664266,-0.97707565,-0.98784088,-0.95825574,-0.9788201,-0.84816728,-0.95333014,-0.96989231,-0.85297934,-0.9452631,-0.95362659,-0.9795682,-0.97790115,-0.88993038,-0.83292149,-0.9936382,-0.99346944,0.32125029,-0.050327903,0.58427998,-0.42619826,-0.65435613,0.0061411057,-0.21275283
"SITTING",2,0.27625455,-0.016985093,-0.10885324,-0.99639413,-0.98567065,-0.98354536,0.957125,-0.11843093,0.17257908,-0.99902145,-0.997234,-0.99413399,0.077142483,0.017151419,-0.0013815426,-0.99658085,-0.98474296,-0.99069383,-0.028386406,-0.075428757,0.084448765,-0.99441796,-0.98896745,-0.98331636,-0.095803874,-0.044492057,-0.050073195,-0.993369,-0.99440543,-0.99094466,-0.99231876,-0.99087672,-0.99231876,-0.99087672,-0.9921557,-0.9925433,-0.99096518,-0.98549334,-0.99491005,-0.99348714,-0.99621964,-0.98289752,-0.98570956,-0.9963833,-0.98714547,-0.98255398,-0.99641164,-0.98382667,-0.98815825,-0.99710634,-0.98713525,-0.99198694,-0.9915615,-0.98983461,-0.98371747,-0.99537599,-0.98841329,-0.98453327,-0.98949844,-0.99239429,-0.99091427,-0.99419735,-0.98899962,-0.9853784,-0.99417563,-0.99255979,0.7306848,-0.11662507,0.46345912,-0.4149203,-0.81236543,0.16457484,-0.098686839
"SITTING",1,0.28150539,-0.018434859,-0.11139287,-0.99546804,-0.98433022,-0.99099514,0.87482213,0.14006721,0.32441057,-0.99404779,-0.98811386,-0.99610975,0.082081964,-0.0058534975,0.0032024153,-0.99447393,-0.99227559,-0.99127045,-0.079366112,-0.094869929,-0.040538466,-0.96234359,-0.98868112,-0.90097784,-0.074240872,-0.03881165,0.0044609208,-0.99784305,-0.99528855,-0.99621464,-0.99295106,-0.99577426,-0.99295106,-0.99577426,-0.9934185,-0.99521943,-0.92159819,-0.8924004,-0.99658889,-0.99663743,-0.99443506,-0.9848406,-0.99008845,-0.9959233,-0.98392125,-0.99145955,-0.99449871,-0.99273746,-0.99029847,-0.99492506,-0.99219621,-0.99066655,-0.96068647,-0.99124222,-0.91150016,-0.96305174,-0.98722279,-0.90654805,-0.99597166,-0.99538682,-0.99454495,-0.994891,-0.93017017,-0.88862055,-0.99665915,-0.99642101,-0.14377558,-0.23515452,0.6898658,-0.57356057,-0.64514606,-0.013061244,-0.21042962
"SITTING",1,0.27843225,-0.019654302,-0.10797029,-0.99439029,-0.98456278,-0.99198578,0.8764618,0.1392361,0.32357956,-0.99725489,-0.98846264,-0.99715923,0.07268307,0.019739112,0.004014346,-0.99264049,-0.99064198,-0.99159452,-0.037824733,-0.07652653,0.074576303,-0.98300305,-0.99349202,-0.97544897,-0.086175374,-0.040941551,-0.041286479,-0.99708794,-0.99492132,-0.99763961,-0.9934379,-0.9938755,-0.9934379,-0.9938755,-0.99298342,-0.99322502,-0.9823882,-0.9765392,-0.99707243,-0.99584487,-0.99263436,-0.98576419,-0.99157404,-0.99525185,-0.98377944,-0.99200955,-0.9929579,-0.99115707,-0.99096366,-0.99289097,-0.99061234,-0.99061151,-0.9815204,-0.99348002,-0.98001141,-0.98344879,-0.9934553,-0.97605565,-0.9936202,-0.99409828,-0.9923338,-0.99338603,-0.98615395,-0.97464616,-0.99589482,-0.99565892,0.0081153282,0.10676135,0.90058887,-0.79404589,-0.64657849,-0.012405519,-0.20965049
"SITTING",1,0.2733796,-0.0099401064,-0.10839283,-0.9955058,-0.98176748,-0.99347363,0.87645385,0.13843401,0.3233988,-0.99760938,-0.98843377,-0.99884243,0.072130253,0.019920529,-0.0014860567,-0.99387916,-0.9902451,-0.99233342,-0.0210748,-0.072633665,0.11579647,-0.99429125,-0.99472922,-0.98163073,-0.093413419,-0.040875199,-0.043482017,-0.99756387,-0.99580404,-0.99685086,-0.99091407,-0.99281205,-0.99091407,-0.99281205,-0.99379982,-0.99349987,-0.98533998,-0.98621149,-0.99734824,-0.9970187,-0.9941993,-0.98765983,-0.99277646,-0.99613117,-0.97902885,-0.9935939,-0.99360419,-0.99067982,-0.9917045,-0.99478159,-0.99034831,-0.99135708,-0.99316069,-0.99483197,-0.98359383,-0.99458049,-0.99460844,-0.98246771,-0.99313905,-0.99271444,-0.99341205,-0.99215353,-0.99192262,-0.98483098,-0.99675725,-0.99725922,0.046188031,0.25128679,-0.50686484,-0.58307176,-0.64706219,-0.011866506,-0.20955912
"SITTING",1,0.27905615,-0.01626097,-0.11281565,-0.99501877,-0.97044631,-0.98926612,0.87538094,0.14222283,0.32351271,-0.99668022,-0.98347532,-0.99915781,0.076807626,-0.0042927307,-0.0069884353,-0.9952061,-0.99059558,-0.99252449,-0.01749462,-0.073362144,0.12893616,-0.99892436,-0.99559617,-0.98693836,-0.098402276,-0.036623752,-0.052670226,-0.99927891,-0.99686121,-0.99562988,-0.98754731,-0.99324099,-0.98754731,-0.99324099,-0.99413667,-0.99486123,-0.98075358,-0.98928227,-0.99779527,-0.99844111,-0.99498345,-0.9811016,-0.9906193,-0.99491636,-0.96643734,-0.98830912,-0.9949542,-0.99074368,-0.99091536,-0.99596362,-0.99105464,-0.99270028,-0.99872962,-0.99553502,-0.99097407,-0.99894645,-0.99558145,-0.98667052,-0.9933422,-0.99326591,-0.99377944,-0.99534721,-0.99468302,-0.9876524,-0.99840125,-0.99822553,0.046127321,0.11245051,-0.51991455,-0.1345512,-0.64510509,-0.014516278,-0.20966409
"SITTING",1,0.2785991,-0.019910142,-0.1111806,-0.99474489,-0.97949566,-0.98796152,0.87579788,0.14258451,0.32194771,-0.99514435,-0.98746407,-0.98865462,0.077934405,0.01488802,0.012086099,-0.99358183,-0.99072386,-0.99559271,-0.020494785,-0.069807644,0.1068855,-0.99735086,-0.99470232,-0.98453755,-0.099644305,-0.04146569,-0.064887957,-0.99828037,-0.99659289,-0.99499468,-0.99012264,-0.99402631,-0.99012264,-0.99402631,-0.99493458,-0.9960982,-0.98832457,-0.99026281,-0.99748502,-0.99754577,-0.99404402,-0.98542913,-0.99060927,-0.9949904,-0.97685721,-0.98631197,-0.99322057,-0.98988184,-0.99425932,-0.99462966,-0.99260192,-0.99551749,-0.99710762,-0.99499794,-0.98653404,-0.99735949,-0.99445597,-0.98509781,-0.99472515,-0.99349154,-0.99548811,-0.99565716,-0.99263043,-0.9900564,-0.99764281,-0.99717794,0.12484387,-0.37842415,-0.64146618,0.34144511,-0.64633366,-0.014783523,-0.20853819
"SITTING",1,0.27328142,-0.011127209,-0.10634926,-0.9958764,-0.9891107,-0.99341322,0.87599536,0.14162959,0.3204761,-0.99582182,-0.99035562,-0.99414395,0.071543556,0.019647298,-0.0037668634,-0.99237312,-0.99328268,-0.9974808,-0.024644144,-0.070023979,0.092631918,-0.99853579,-0.99420193,-0.98875701,-0.099876097,-0.044019406,-0.055598998,-0.99738083,-0.99615461,-0.99520402,-0.99302412,-0.99767465,-0.99302412,-0.99767465,-0.99568683,-0.99776271,-0.99356422,-0.99467142,-0.99712892,-0.9971475,-0.99461052,-0.98909018,-0.99548767,-0.99649281,-0.98868806,-0.99166211,-0.99312713,-0.99334792,-0.99681868,-0.99213366,-0.99366269,-0.99663134,-0.9978399,-0.99376198,-0.99140479,-0.99875773,-0.99446261,-0.98872747,-0.99812925,-0.99681386,-0.99752566,-0.99647978,-0.99594138,-0.99444503,-0.99707467,-0.99708205,0.033193662,0.33145252,-0.69379323,0.39525282,-0.64799745,-0.014168187,-0.20755542
"SITTING",1,0.27853812,-0.016173432,-0.10970656,-0.99664602,-0.98297482,-0.99479797,0.87478155,0.14485798,0.32053935,-0.99771429,-0.98795319,-0.99730555,0.074515662,0.0092694454,-0.010291722,-0.99277413,-0.99043365,-0.99643207,-0.02633867,-0.074526058,0.092148536,-0.99878789,-0.99505467,-0.98844605,-0.10051458,-0.038433452,-0.057589453,-0.99777798,-0.99672581,-0.99565428,-0.99414636,-0.99825604,-0.99414636,-0.99825604,-0.99431393,-0.99816169,-0.99465856,-0.99446094,-0.99745873,-0.99810576,-0.99558307,-0.98676236,-0.99486711,-0.99716899,-0.98105499,-0.99425455,-0.99398429,-0.98974683,-0.99521838,-0.99199723,-0.99210024,-0.99623512,-0.99784433,-0.99491883,-0.99111527,-0.99915562,-0.99509502,-0.9884377,-0.99760147,-0.99838757,-0.99779274,-0.99754113,-0.99603154,-0.99405488,-0.99811099,-0.99784862,-0.10809173,0.37117217,-0.50042806,0.45499243,-0.64625395,-0.016451134,-0.20766551
"SITTING",1,0.27746121,-0.017491016,-0.10635945,-0.99642843,-0.98467312,-0.99068266,0.87474639,0.14560336,0.32038708,-0.9984551,-0.9931154,-0.9960581,0.07818778,0.0090189325,0.012872972,-0.99276362,-0.989421,-0.99458711,-0.028021481,-0.07403317,0.081238251,-0.99835296,-0.99491145,-0.99213197,-0.099510909,-0.038919699,-0.058039297,-0.99821854,-0.99701461,-0.99507334,-0.99354892,-0.99653821,-0.99354892,-0.99653821,-0.99348023,-0.99625649,-0.99552574,-0.99652094,-0.99758041,-0.99822544,-0.99492259,-0.98750126,-0.99196132,-0.99723615,-0.98308846,-0.98965545,-0.99326968,-0.98978356,-0.99254848,-0.99277596,-0.98968161,-0.99539364,-0.99751911,-0.99549016,-0.99190446,-0.9986269,-0.99448807,-0.99280705,-0.99551766,-0.9971598,-0.9965707,-0.99396034,-0.99702378,-0.99654661,-0.99823529,-0.99796309,-0.13257887,-0.3455624,0.28920185,0.35513802,-0.64604389,-0.016965715,-0.20754128
"SITTING",1,0.27394057,-0.013147584,-0.10543517,-0.99588454,-0.98801293,-0.98842553,0.8742316,0.14572717,0.32162961,-0.9956679,-0.99051998,-0.99017271,0.078228258,0.0054201733,0.0013550663,-0.99265114,-0.99365524,-0.99346867,-0.028699232,-0.075571862,0.08489365,-0.99853287,-0.99573925,-0.98903748,-0.096399772,-0.043673429,-0.046565566,-0.99821407,-0.99703634,-0.99436845,-0.99264098,-0.9949077,-0.99264098,-0.9949077,-0.9950409,-0.99335363,-0.99504293,-0.99637214,-0.99747144,-0.99793913,-0.99475289,-0.99135022,-0.99126636,-0.99641687,-0.98600014,-0.98662695,-0.9937044,-0.99379154,-0.99288764,-0.99205337,-0.9939103,-0.99245292,-0.99760802,-0.99579728,-0.98942503,-0.99886473,-0.99564221,-0.98974277,-0.99490902,-0.99478688,-0.99412111,-0.99059234,-0.99644924,-0.99679823,-0.99796048,-0.99767112,0.026541028,-0.28682071,0.78579004,-0.30085729,-0.6448514,-0.017046458,-0.20844898
"SITTING",1,0.27930326,-0.020521383,-0.11323643,-0.99584854,-0.98070075,-0.99340381,0.87324201,0.14758583,0.32233576,-0.99695551,-0.99150766,-0.99457185,0.073647802,0.0083841697,-0.0050818355,-0.99396693,-0.99196458,-0.99592536,-0.028006084,-0.07630627,0.092467106,-0.99827112,-0.9950509,-0.98889306,-0.097373481,-0.037230976,-0.056344653,-0.99820447,-0.99623539,-0.99471796,-0.99205145,-0.99486796,-0.99205145,-0.99486796,-0.9959885,-0.9953607,-0.99441055,-0.99557457,-0.99706115,-0.99769576,-0.99527834,-0.98862922,-0.99509609,-0.9960453,-0.97724297,-0.99189005,-0.99410158,-0.99230792,-0.99450103,-0.99432272,-0.99206457,-0.99596965,-0.99748773,-0.99486621,-0.9901195,-0.99851691,-0.99512495,-0.98931266,-0.99634885,-0.99365615,-0.99602589,-0.99284617,-0.99572813,-0.99605699,-0.99765287,-0.99754752,0.12651185,0.63738869,-0.081017137,-0.18724907,-0.64322033,-0.018360329,-0.20900476
"SITTING",2,0.27871074,-0.016793927,-0.10524076,-0.99859653,-0.9906669,-0.98746213,0.95685371,-0.11945235,0.17076173,-0.99854623,-0.99717066,-0.98719726,0.075792868,0.0082702907,-0.0046005261,-0.99673138,-0.99093654,-0.98935414,-0.027541794,-0.073323286,0.080225072,-0.99633885,-0.98906109,-0.98681453,-0.099417698,-0.038310487,-0.060352158,-0.99489164,-0.99592158,-0.99201559,-0.99505048,-0.99470667,-0.99505048,-0.99470667,-0.99335333,-0.99292018,-0.99063115,-0.99201041,-0.99566519,-0.99623914,-0.99784915,-0.98925984,-0.98909958,-0.99902339,-0.99096689,-0.98647362,-0.99663791,-0.99050631,-0.98855592,-0.99713983,-0.99218789,-0.98853141,-0.99489339,-0.99250153,-0.9862611,-0.99678082,-0.98720252,-0.98807717,-0.99362136,-0.99556168,-0.99312867,-0.99112143,-0.99271841,-0.99266443,-0.99604217,-0.99643528,-0.22459082,0.053341891,0.078824068,0.28605429,-0.81328296,0.16529709,-0.097449744
"SITTING",2,0.27822455,-0.016181738,-0.1075716,-0.99822604,-0.99043752,-0.98923957,0.95709207,-0.11889701,0.17216278,-0.99865366,-0.99858765,-0.99630003,0.076381493,0.0032129773,-0.00018746671,-0.99810136,-0.98993492,-0.99254022,-0.027905922,-0.075317726,0.084110903,-0.99598121,-0.99154022,-0.99012716,-0.098601087,-0.040436174,-0.052897202,-0.9935933,-0.99644922,-0.99302309,-0.99569559,-0.99544433,-0.99569559,-0.99544433,-0.99524339,-0.99414257,-0.99330273,-0.99234285,-0.99593913,-0.99611078,-0.9981015,-0.98971949,-0.99055637,-0.99822971,-0.99033198,-0.98830812,-0.99779481,-0.98951968,-0.99160133,-0.99869875,-0.99123247,-0.99191867,-0.99376545,-0.99339422,-0.98972697,-0.99674121,-0.99043431,-0.9910433,-0.99433423,-0.99622836,-0.99406775,-0.99276053,-0.9933618,-0.99270128,-0.99591867,-0.99629214,-0.13009137,-0.13019317,0.2046422,0.10810914,-0.81246328,0.16489585,-0.098398665
"SITTING",2,0.27723542,-0.025677001,-0.11843072,-0.99639048,-0.95268767,-0.96541011,0.95776214,-0.12120449,0.16651548,-0.99215769,-0.95481082,-0.94772651,0.074857362,0.031491585,0.0039751972,-0.99582259,-0.98541127,-0.99165507,-0.039016643,-0.060002794,0.12573995,-0.98842257,-0.99042251,-0.97940389,-0.091881126,-0.044009434,-0.058000018,-0.99410926,-0.99620321,-0.99132934,-0.97803564,-0.96122618,-0.97803564,-0.96122618,-0.99261266,-0.99290606,-0.97773598,-0.97714072,-0.99553914,-0.99584933,-0.99652123,-0.96836119,-0.97868043,-0.99621875,-0.94762416,-0.96017282,-0.99603991,-0.98620784,-0.98933917,-0.99590413,-0.98540437,-0.99269849,-0.98838196,-0.99180531,-0.9822712,-0.98842833,-0.98956589,-0.98015913,-0.97794345,-0.95814272,-0.9920428,-0.99299942,-0.98717791,-0.97499907,-0.99526723,-0.99675132,0.021714913,0.092318995,0.28488839,-0.62746994,-0.81589732,0.16648313,-0.094444482
"SITTING",2,0.27574674,-0.015388072,-0.10505767,-0.99581447,-0.98247951,-0.9819142,0.9567784,-0.11826838,0.17243002,-0.99838027,-0.99703086,-0.99311082,0.076351845,0.013059249,0.001419995,-0.99383983,-0.98486341,-0.99254104,-0.02833208,-0.074596168,0.085722107,-0.99104087,-0.98628489,-0.97696868,-0.096556649,-0.04018711,-0.048712881,-0.99111869,-0.99276635,-0.98664924,-0.99053425,-0.98890189,-0.99053425,-0.98890189,-0.99245307,-0.99212445,-0.98602379,-0.98369587,-0.99231034,-0.99203913,-0.99494348,-0.98216681,-0.98760913,-0.99618528,-0.98264843,-0.9790682,-0.99369864,-0.98482787,-0.99126792,-0.99456549,-0.98598972,-0.99231107,-0.98862146,-0.98772073,-0.97754665,-0.99174715,-0.98542135,-0.97869995,-0.98970154,-0.98904718,-0.99139998,-0.99185212,-0.98597966,-0.98465863,-0.99272785,-0.99123689,0.13379335,-0.1794804,0.78897348,-0.38206323,-0.81252335,0.16448246,-0.098613818
"SITTING",2,0.28028279,-0.019175262,-0.10932156,-0.99531257,-0.975241,-0.97892176,0.95656471,-0.11752757,0.17319654,-0.99757762,-0.99353276,-0.98846658,0.077208833,0.003495444,-0.00073970854,-0.99278339,-0.98489323,-0.99591241,-0.026969226,-0.075102151,0.089479676,-0.99222869,-0.98504205,-0.97828727,-0.10128222,-0.039297873,-0.059640136,-0.99313152,-0.99471673,-0.98852767,-0.98713678,-0.98765605,-0.98713678,-0.98765605,-0.9939029,-0.99209187,-0.98588897,-0.98488949,-0.99443061,-0.99323111,-0.99436786,-0.97860667,-0.9902359,-0.99571149,-0.97397802,-0.97369255,-0.99238299,-0.98317696,-0.99447997,-0.99395244,-0.98852179,-0.99597365,-0.98995361,-0.98920517,-0.97997577,-0.99289638,-0.98282283,-0.97952158,-0.99041719,-0.98676218,-0.99160179,-0.99138687,-0.98743189,-0.98547547,-0.99337821,-0.99299612,-0.31315584,-0.22568598,-0.41297338,0.5776093,-0.81224359,0.16398324,-0.099164964
"SITTING",2,0.29648714,-0.014684879,-0.13980848,-0.98771367,-0.83424238,-0.94105035,0.95201324,-0.12719693,0.17324768,-0.97442821,-0.87785609,-0.9336702,0.074167624,-0.088429566,-0.00057513147,-0.98766148,-0.95062266,-0.98048751,-0.050171548,-0.073211502,0.1837903,-0.98222253,-0.95870792,-0.92994218,-0.092742071,-0.016699782,-0.11955963,-0.97836982,-0.98580596,-0.9740108,-0.92873856,-0.89838027,-0.92873856,-0.89838027,-0.97766739,-0.96574161,-0.94284864,-0.92860311,-0.98480912,-0.97945377,-0.98753271,-0.8594018,-0.96188356,-0.98763692,-0.83148234,-0.93410666,-0.98622758,-0.94453649,-0.97477076,-0.99073206,-0.96343171,-0.98561403,-0.974845,-0.96180088,-0.91597823,-0.98460294,-0.95706297,-0.94151623,-0.89882048,-0.91278824,-0.96443364,-0.96607792,-0.93493886,-0.93622448,-0.98173276,-0.9775839,-0.11025362,-0.047115827,0.21170248,0.045572017,-0.80660067,0.17074661,-0.099450737
"SITTING",2,0.27829493,-0.022664347,-0.11591945,-0.99724431,-0.96872118,-0.98613179,0.95832272,-0.11314063,0.16759019,-0.99952115,-0.9913736,-0.99196495,0.077460728,0.0038718084,-0.0099158808,-0.99287631,-0.97492111,-0.99132841,-0.025950876,-0.075040768,0.096736383,-0.99500391,-0.9837393,-0.97191748,-0.10026854,-0.035913252,-0.060497451,-0.99034158,-0.99328087,-0.98445627,-0.98594601,-0.98682484,-0.98594601,-0.98682484,-0.98786737,-0.99004233,-0.98336311,-0.98402764,-0.99116242,-0.99358288,-0.99588013,-0.97162389,-0.98593286,-0.99801127,-0.96808848,-0.9864657,-0.99271793,-0.97489442,-0.9882201,-0.99371017,-0.97675511,-0.99343261,-0.99238882,-0.98669587,-0.97310106,-0.9958868,-0.9820791,-0.97390273,-0.98545244,-0.98886268,-0.9885371,-0.99124852,-0.98767771,-0.9840637,-0.99318062,-0.99428905,0.0022080359,-0.10163536,-0.33616138,0.31521839,-0.81923121,0.16099192,-0.095224918
"SITTING",2,0.2782907,-0.014536086,-0.10524253,-0.99678611,-0.98839324,-0.98950215,0.95789199,-0.12711834,0.16163958,-0.99692667,-0.99157732,-0.99292938,0.079741234,0.0054060827,-0.0048041466,-0.99516755,-0.99168063,-0.99135946,-0.026046816,-0.067562509,0.10043377,-0.99622773,-0.995977,-0.97976111,-0.093176759,-0.035040875,-0.075882607,-0.99541364,-0.99836639,-0.99464282,-0.99438865,-0.99413634,-0.99438865,-0.99413634,-0.99367703,-0.99497726,-0.99003935,-0.98957462,-0.99750587,-0.9979514,-0.99590613,-0.9888814,-0.98908778,-0.99719795,-0.98774016,-0.98972225,-0.99555241,-0.9919744,-0.99008349,-0.99510381,-0.99186773,-0.99110894,-0.99434969,-0.99616662,-0.97701877,-0.99684793,-0.99578993,-0.98250911,-0.99412375,-0.99408438,-0.9946893,-0.99400649,-0.99171515,-0.9896325,-0.99774691,-0.99809291,-0.050678732,-0.45974824,-0.20437675,-0.10682861,-0.81653306,0.17052513,-0.09101897
"SITTING",2,0.27815992,-0.0076678258,-0.09927102,-0.99697493,-0.96211178,-0.987355,0.95792518,-0.12454962,0.16376124,-0.998006,-0.98845697,-0.9901987,0.07369633,0.0094546512,0.0058232317,-0.9950484,-0.98639555,-0.9912641,-0.022931403,-0.07347,0.078673144,-0.99632265,-0.9842731,-0.95701458,-0.097484223,-0.043075149,-0.056642047,-0.99567836,-0.99662006,-0.98807403,-0.98452293,-0.97430484,-0.98452293,-0.97430484,-0.99209242,-0.99408178,-0.98142234,-0.97133319,-0.99558278,-0.99481506,-0.99593464,-0.97582987,-0.98874515,-0.99749998,-0.95736278,-0.98653159,-0.99487962,-0.98722055,-0.99101005,-0.99570456,-0.98628303,-0.98986799,-0.99502067,-0.98965884,-0.97007429,-0.99670606,-0.98153076,-0.95702228,-0.98361921,-0.97224027,-0.99357323,-0.99353992,-0.98358715,-0.96894977,-0.99488497,-0.99465498,9.3816761e-05,0.2016884,-0.50690405,-0.18385491,-0.81630166,0.16876519,-0.092503207
"SITTING",2,0.27664638,-0.0049748937,-0.104754,-0.99726953,-0.96546147,-0.98114499,0.95832834,-0.11858919,0.16680067,-0.99939896,-0.97259765,-0.98544416,0.075933689,0.014606303,-0.0051785599,-0.99392769,-0.97607626,-0.99182512,-0.025679464,-0.079004412,0.083575679,-0.99393599,-0.98238404,-0.95464749,-0.10158671,-0.046062898,-0.025882513,-0.99040851,-0.99414667,-0.98506173,-0.98197129,-0.97653588,-0.98197129,-0.97653588,-0.98891135,-0.99043645,-0.9786125,-0.97314542,-0.99205801,-0.99310443,-0.99610705,-0.96857414,-0.98706746,-0.99789503,-0.96493071,-0.97824075,-0.99393513,-0.97480791,-0.98993092,-0.99445018,-0.97957803,-0.99232967,-0.99029546,-0.98548212,-0.95473188,-0.99522313,-0.98065277,-0.95858189,-0.98228846,-0.97579019,-0.98969985,-0.9901583,-0.98190869,-0.9720847,-0.9932283,-0.99297004,0.068592249,0.10442887,-0.44307864,-0.0017227258,-0.81710909,0.1646853,-0.094625396
"SITTING",2,0.28540286,0.002355779,-0.16984868,-0.95371281,-0.86194417,-0.78706775,0.97078586,-0.14664468,0.070036345,-0.91948606,-0.85676875,-0.74690999,0.056061067,0.090742267,0.11850025,-0.95368813,-0.94604718,-0.97086316,-0.2445337,0.051893002,-0.41735088,-0.9329845,-0.95320268,-0.84072691,-0.059146721,-0.028476505,0.049935806,-0.9724896,-0.98051923,-0.9674775,-0.87722004,-0.83813635,-0.87722004,-0.83813635,-0.95780326,-0.95308411,-0.66865683,-0.82391109,-0.97639756,-0.97993471,-0.95107745,-0.88078397,-0.8586826,-0.95465216,-0.86037139,-0.76841627,-0.95315437,-0.94395079,-0.96500137,-0.95855696,-0.95282949,-0.9757051,-0.93106212,-0.96373167,-0.83968795,-0.93409972,-0.94784815,-0.85544588,-0.86276586,-0.84956542,-0.95078436,-0.95507082,-0.87646103,-0.82222822,-0.97996582,-0.98086373,0.032199071,0.16256554,0.5466149,-0.36666178,-0.86162564,0.18373087,-0.026895472
"SITTING",2,0.27505303,-0.024059404,-0.10589705,-0.99525842,-0.97190867,-0.98360641,0.95841903,-0.1158856,0.1660208,-0.99888949,-0.98042137,-0.99596864,0.074694506,0.01564664,0.013952444,-0.99061035,-0.98198548,-0.99141782,-0.025511187,-0.071503399,0.091317208,-0.99623625,-0.98402467,-0.97392163,-0.097799765,-0.041339249,-0.061549315,-0.99416578,-0.99433016,-0.98593569,-0.98590459,-0.98664528,-0.98590459,-0.98664528,-0.98944283,-0.99158858,-0.98495388,-0.98409151,-0.99301191,-0.9946828,-0.99342611,-0.97558322,-0.98426827,-0.99621617,-0.97070587,-0.98356415,-0.99073306,-0.9816001,-0.98866345,-0.99128756,-0.98380222,-0.99303145,-0.99429866,-0.98894119,-0.97352082,-0.99688494,-0.98146948,-0.97627638,-0.98693338,-0.98747473,-0.9897813,-0.99345738,-0.98667306,-0.9847835,-0.99398753,-0.99582809,0.014048076,0.011458416,-0.50472445,0.015917332,-0.81914,0.16286024,-0.094111326
"SITTING",2,0.27486428,-0.01561837,-0.097528302,-0.99623776,-0.98664644,-0.989707,0.95761533,-0.11965332,0.16733906,-0.99595146,-0.99389772,-0.98683224,0.075529732,0.020093856,0.011850313,-0.99227354,-0.98618217,-0.98957602,-0.028197612,-0.072492716,0.081141936,-0.9966929,-0.98831115,-0.98393993,-0.097361152,-0.045318417,-0.050056318,-0.99552817,-0.99582541,-0.99134481,-0.99193129,-0.99193657,-0.99193129,-0.99193657,-0.99056259,-0.9918432,-0.99004857,-0.9894614,-0.995537,-0.9963504,-0.99499786,-0.98434635,-0.98871071,-0.99685543,-0.98775314,-0.9903338,-0.99254583,-0.9861712,-0.98789193,-0.99261238,-0.98717886,-0.98977159,-0.99534259,-0.99072003,-0.98451264,-0.99710892,-0.98692611,-0.98503885,-0.99094948,-0.99300967,-0.9910336,-0.99176709,-0.99115097,-0.98984191,-0.9959979,-0.99673267,0.0199481,-0.01066613,0.25355942,-0.21101539,-0.81603304,0.16543267,-0.095038291
"SITTING",2,0.27724091,-0.01767369,-0.12039377,-0.99512799,-0.9871038,-0.98904192,0.97291478,-0.14172722,0.0453806,-0.99880018,-0.98854617,-0.97180417,0.075848405,0.03363227,-0.00046564644,-0.98752889,-0.98612875,-0.9900962,-0.029355164,-0.077127117,0.089804957,-0.98336831,-0.98930227,-0.97755762,-0.086298193,-0.041153213,-0.031678018,-0.99508865,-0.9931168,-0.98345132,-0.99140977,-0.99004513,-0.99140977,-0.99004513,-0.98918771,-0.98984237,-0.98258066,-0.98471783,-0.99239408,-0.99234138,-0.99266317,-0.98292608,-0.98808237,-0.99652813,-0.98949055,-0.98969272,-0.98760351,-0.98560451,-0.98659429,-0.9885433,-0.98784863,-0.99266882,-0.98136658,-0.9897405,-0.97153173,-0.98395639,-0.98900477,-0.98195203,-0.98838421,-0.99189473,-0.9886048,-0.99033644,-0.98938695,-0.98406908,-0.99218812,-0.99267052,0.036109353,0.082210431,0.38994961,-0.47598235,-0.87512052,0.18039514,-0.0097746881
"SITTING",2,0.27925474,-0.012044574,-0.11526539,-0.98482887,-0.96879944,-0.96316567,0.97305475,-0.14153892,0.04091304,-0.9997964,-0.98926855,-0.99196828,0.065939902,0.015001399,-0.0011348123,-0.97442851,-0.97658469,-0.97887286,-0.015577629,-0.081883642,0.11290142,-0.98529386,-0.96188178,-0.96851285,-0.10223895,-0.034024279,-0.066284827,-0.98168542,-0.98320452,-0.97033997,-0.97881153,-0.96695181,-0.97881153,-0.96695181,-0.97656492,-0.97784271,-0.96659584,-0.96333912,-0.98248196,-0.98013625,-0.98089376,-0.96885883,-0.9657584,-0.9866714,-0.96964096,-0.96359496,-0.97542342,-0.97715451,-0.97342075,-0.97555959,-0.97751286,-0.9835313,-0.97888454,-0.96675823,-0.96252787,-0.98737728,-0.95926363,-0.97356488,-0.97006626,-0.96910415,-0.97730678,-0.97709254,-0.97193036,-0.96380576,-0.98193814,-0.97878334,0.01592306,0.91861539,-0.54479933,0.31159958,-0.87653614,0.18027308,-0.0066738552
"SITTING",2,0.27047249,-0.0089373643,-0.095150167,-0.98563184,-0.91172769,-0.94366406,0.97523081,-0.14167883,0.04680685,-0.9759878,-0.9309246,-0.95667189,0.078423432,-0.029601453,0.006568441,-0.9774202,-0.98297468,-0.98773552,-0.14713738,0.0087484106,-0.16525629,-0.93954559,-0.95370477,-0.85682435,-0.058538154,-0.056981822,0.02175631,-0.99074421,-0.98975456,-0.98532363,-0.95395093,-0.94777267,-0.95395093,-0.94777267,-0.98480154,-0.97888194,-0.82576638,-0.8285661,-0.99015082,-0.98935188,-0.98199076,-0.94812629,-0.97178285,-0.98732723,-0.90128041,-0.93388145,-0.97687083,-0.98155965,-0.98470343,-0.98014564,-0.98624429,-0.98955748,-0.93442571,-0.96751053,-0.87664913,-0.94139602,-0.94698234,-0.8637027,-0.9682697,-0.94510476,-0.9792592,-0.97638209,-0.88877193,-0.8228991,-0.99018192,-0.98855822,0.19208578,-0.13361737,0.56130488,-0.47839569,-0.87494844,0.18022531,-0.010719026
"SITTING",2,0.28022445,-0.028037933,-0.12428498,-0.99664261,-0.9761271,-0.98747869,0.97188567,-0.13578742,0.050809506,-0.99583498,-0.97340841,-0.97859934,0.082323028,0.0094048744,-0.016392014,-0.99289105,-0.98862958,-0.99372502,-0.071616512,-0.057229845,0.016180468,-0.95964544,-0.98873638,-0.94393931,-0.068334522,-0.046884861,-0.020184879,-0.99637572,-0.99416146,-0.98987307,-0.98179163,-0.98638468,-0.98179163,-0.98638468,-0.9934728,-0.99399259,-0.94355237,-0.92047855,-0.99428762,-0.99517906,-0.99509555,-0.98269067,-0.9881737,-0.997494,-0.97341005,-0.98709646,-0.99290684,-0.9873042,-0.99214583,-0.99349505,-0.99140218,-0.993899,-0.9539138,-0.98951392,-0.94798015,-0.96146897,-0.98823584,-0.94755986,-0.98955812,-0.98545405,-0.99401821,-0.99201124,-0.95014613,-0.91678415,-0.99508007,-0.99526122,-0.073401518,-0.36783784,0.64998269,-0.6423294,-0.87880243,0.17643031,-0.013582326
"SITTING",2,0.27981772,-0.010396061,-0.11320248,-0.98493079,-0.95923068,-0.96438621,0.97327809,-0.13761653,0.038872702,-0.99902909,-0.98490733,-0.98913861,0.07463448,-0.02744252,0.0079791098,-0.97657193,-0.97306215,-0.98131878,-0.016789285,-0.080774312,0.12788896,-0.98366942,-0.95989187,-0.95371276,-0.10379423,-0.040720764,-0.048389537,-0.97966344,-0.98176957,-0.96994518,-0.97556248,-0.96792516,-0.97556248,-0.96792516,-0.9776169,-0.97886575,-0.95753906,-0.96840018,-0.97948948,-0.98272116,-0.98349178,-0.95617248,-0.96851488,-0.98543618,-0.96246688,-0.96380495,-0.9786664,-0.97317152,-0.97660686,-0.97629487,-0.97484985,-0.98508327,-0.97652652,-0.96593976,-0.95336416,-0.98599628,-0.95667916,-0.95788536,-0.97162213,-0.96958959,-0.97853472,-0.97778478,-0.97140559,-0.97149538,-0.98196836,-0.98465453,0.0065907843,-0.042143492,-0.37492733,0.58931782,-0.88076754,0.17762187,-0.0052651324
"STANDING",1,0.27622817,-0.021441302,-0.10820234,-0.99824595,-0.98721376,-0.99272659,0.96925328,-0.15006376,0.082931213,-0.99812719,-0.99482045,-0.99230114,0.076084514,-0.0023115579,-0.0076736296,-0.99817933,-0.98978834,-0.98953173,-0.031173158,-0.074666711,0.091577535,-0.99416933,-0.99556652,-0.99579097,-0.094207555,-0.040316155,-0.057682038,-0.99571697,-0.9975568,-0.99655031,-0.99477563,-0.99611776,-0.99477563,-0.99611776,-0.99279492,-0.99527144,-0.99428671,-0.99563374,-0.99776102,-0.99781536,-0.99823935,-0.98491607,-0.9916394,-0.99818143,-0.98828445,-0.99319699,-0.99819157,-0.98967537,-0.98895116,-0.99831707,-0.9906675,-0.98847204,-0.99258395,-0.99621833,-0.99512791,-0.99461526,-0.99509504,-0.99637239,-0.9951378,-0.99671395,-0.99472936,-0.99480169,-0.99650333,-0.99552256,-0.99765225,-0.99787507,0.0017609637,-0.065980273,0.57886112,-0.65194513,-0.8527234,0.18605036,-0.035852089
"STANDING",1,0.28858451,-0.020294171,-0.13290514,-0.9952786,-0.98311061,-0.91352645,0.96339614,-0.14083968,0.11537494,-0.98524969,-0.98170843,-0.87762497,0.077996345,0.0050008031,-0.067830808,-0.99351906,-0.98835999,-0.99357497,-0.0061008489,-0.031364791,0.1077254,-0.98531027,-0.97662344,-0.99220528,-0.0991674,-0.055517369,-0.061985797,-0.99211067,-0.99251927,-0.99205528,-0.95943388,-0.9505515,-0.95943388,-0.9505515,-0.99330586,-0.99433641,-0.96895908,-0.96433518,-0.99424782,-0.99136761,-0.99478319,-0.9829841,-0.93926865,-0.99542175,-0.98313297,-0.90616498,-0.99233245,-0.98716991,-0.98969609,-0.99582068,-0.99093631,-0.99705167,-0.98657442,-0.98176153,-0.98951478,-0.98503264,-0.97388607,-0.99403493,-0.95215466,-0.95613397,-0.99372565,-0.99375495,-0.98013485,-0.96130944,-0.99199044,-0.99069746,-0.11275434,0.030400372,-0.46476139,-0.018445884,-0.84124676,0.17994061,-0.058626924
"STANDING",1,0.27841883,-0.016410568,-0.12352019,-0.99824528,-0.97530022,-0.96032199,0.96656113,-0.14155127,0.10937881,-0.99741134,-0.98944741,-0.93163868,0.074006709,0.0057711041,0.029376633,-0.99554814,-0.98106363,-0.9918457,-0.01611162,-0.083893777,0.10058429,-0.98311996,-0.9890458,-0.98912123,-0.11050283,-0.044818731,-0.059242822,-0.98987256,-0.9972926,-0.993851,-0.97928915,-0.97605707,-0.97928915,-0.97605707,-0.99125349,-0.99169441,-0.98068314,-0.98375419,-0.9951232,-0.99610164,-0.99745072,-0.97685173,-0.97352267,-0.99868026,-0.97492981,-0.95543811,-0.99503222,-0.98131147,-0.98973975,-0.99665235,-0.98208394,-0.99262682,-0.97738671,-0.99253003,-0.98960578,-0.98490434,-0.98716807,-0.98978468,-0.98085662,-0.97586576,-0.99033549,-0.99196029,-0.98829555,-0.98332192,-0.99585386,-0.99639947,0.053476955,-0.0074345661,-0.73262621,0.70351059,-0.8447876,0.18028889,-0.054316717
"STANDING",1,0.27965306,-0.019467156,-0.11346169,-0.99537956,-0.96718701,-0.97894396,0.9668781,-0.14200984,0.10188392,-0.99957395,-0.99286582,-0.99291723,0.073635962,0.0031040366,-0.0090456308,-0.99074281,-0.98095561,-0.98968664,-0.031698294,-0.10233542,0.096126876,-0.97629211,-0.99355182,-0.98637871,-0.10848567,-0.042410306,-0.055828829,-0.98846185,-0.99563214,-0.99153184,-0.98370313,-0.98801962,-0.98370313,-0.98801962,-0.98853127,-0.9903969,-0.97631707,-0.98605146,-0.99340322,-0.99509104,-0.99359409,-0.97251146,-0.98330396,-0.99631281,-0.96550593,-0.97704932,-0.9909937,-0.98164225,-0.98756628,-0.9912488,-0.98141476,-0.9904159,-0.97543322,-0.99371467,-0.9867557,-0.97664224,-0.99339895,-0.98732821,-0.98779477,-0.98901548,-0.98928007,-0.99086668,-0.98925477,-0.98602772,-0.9950305,-0.99512739,-0.11855926,0.17789948,0.10069921,0.80852908,-0.84893347,0.18063731,-0.049117815
"STANDING",1,0.278457,-0.020414761,-0.11273172,-0.99913488,-0.98468004,-0.99627424,0.9689963,-0.1523621,0.083150803,-0.99915165,-0.98730738,-0.99361292,0.077102002,0.017027167,-0.00098523943,-0.99919161,-0.99013839,-0.99282486,-0.029168611,-0.075944066,0.086183519,-0.99544544,-0.9971092,-0.99586602,-0.098994495,-0.040496948,-0.054137882,-0.99602372,-0.99888814,-0.99789314,-0.99532501,-0.99656707,-0.99532501,-0.99656707,-0.99486033,-0.9971272,-0.99630809,-0.99738797,-0.99860153,-0.99915139,-0.99937732,-0.98715877,-0.99581923,-0.99895036,-0.98325916,-0.9960017,-0.99953805,-0.98974889,-0.99267475,-0.99880527,-0.99138489,-0.99132934,-0.99448722,-0.99805671,-0.99645488,-0.99568481,-0.99646211,-0.99589308,-0.99595367,-0.99678792,-0.99681887,-0.99631669,-0.99790693,-0.99725026,-0.99904671,-0.99905917,-0.077551723,-0.10122189,0.63908399,0.76548488,-0.85065446,0.18761054,-0.035997955
"STANDING",1,0.27717497,-0.014712802,-0.10675647,-0.99918834,-0.99052638,-0.99336501,0.96904398,-0.15414125,0.081819604,-0.99957758,-0.99425118,-0.99511053,0.07761238,0.019489223,0.015207683,-0.99698535,-0.99236956,-0.9930363,-0.027087093,-0.071831343,0.083622237,-0.99761834,-0.99760953,-0.99617388,-0.10048744,-0.042113616,-0.053738021,-0.99751236,-0.99826836,-0.99637756,-0.99670013,-0.9983924,-0.99670013,-0.9983924,-0.99536254,-0.99600058,-0.99767246,-0.99841465,-0.99833451,-0.99915859,-0.99881956,-0.98880768,-0.99182892,-0.99938998,-0.9910295,-0.9941392,-0.99749097,-0.9920277,-0.99290396,-0.9966091,-0.99339182,-0.99152305,-0.99630863,-0.997468,-0.99577517,-0.99806499,-0.99764892,-0.99660307,-0.99775726,-0.99848118,-0.99553335,-0.99545097,-0.99856385,-0.99842929,-0.999028,-0.99905443,0.10562047,-0.090277545,-0.1324028,0.49881419,-0.84977267,0.1888122,-0.035063399
"STANDING",1,0.28058569,-0.0099602983,-0.10606516,-0.99480344,-0.9727584,-0.98624387,0.96841804,-0.15630201,0.08087447,-0.99736219,-0.99050162,-0.99674235,0.076369318,0.012518906,0.0030843751,-0.99115561,-0.9692003,-0.98861504,-0.0234154,-0.070925683,0.078975843,-0.98493784,-0.98730376,-0.98084404,-0.098429383,-0.043540216,-0.048562914,-0.98391251,-0.99307848,-0.98439956,-0.98677197,-0.98670243,-0.98677197,-0.98670243,-0.98538815,-0.98364308,-0.98452436,-0.98026379,-0.98979927,-0.9907352,-0.99351933,-0.97031864,-0.98609566,-0.99538845,-0.97479378,-0.98653557,-0.99153425,-0.97084854,-0.98677551,-0.99146811,-0.96931831,-0.98897477,-0.98177767,-0.98800114,-0.97745298,-0.98586913,-0.9868624,-0.98378763,-0.98499403,-0.98902313,-0.98231683,-0.98405698,-0.98478793,-0.98038779,-0.99098121,-0.99059941,-0.020589646,-0.12773018,-0.48287054,-0.070670135,-0.84829438,0.19031033,-0.034417291
"STANDING",1,0.27688027,-0.012721805,-0.10343832,-0.99481511,-0.97307692,-0.98535702,0.96920266,-0.15236144,0.081258077,-0.99726455,-0.98648794,-0.99469268,0.07139686,0.016842441,0.0010303821,-0.99123356,-0.97326434,-0.98501751,-0.024708255,-0.068884585,0.085481775,-0.98466387,-0.98821559,-0.98090404,-0.099442952,-0.032515146,-0.045512651,-0.98591085,-0.99371782,-0.98476218,-0.98804033,-0.98590171,-0.98804033,-0.98590171,-0.98441139,-0.98602515,-0.9852507,-0.98024776,-0.99126117,-0.99034063,-0.99288633,-0.970608,-0.98367242,-0.99581075,-0.97510993,-0.98683043,-0.99098572,-0.97345576,-0.9817322,-0.99233125,-0.97492899,-0.98706537,-0.98191251,-0.98782272,-0.97727189,-0.9854689,-0.98846395,-0.98394887,-0.98569656,-0.98718871,-0.98476304,-0.98661714,-0.98345836,-0.98117839,-0.99131428,-0.9892975,0.080699469,0.59579055,-0.47580245,0.11593062,-0.85156175,0.18760932,-0.034681168
"STANDING",1,0.28171549,-0.011910678,-0.10287513,-0.99853388,-0.98848901,-0.99318367,0.9532188,-0.2650432,-0.013126421,-0.99749379,-0.99145541,-0.99475932,0.074924981,0.0099539071,0.00068788567,-0.99683571,-0.98672319,-0.99262375,-0.024960701,-0.071607144,0.080856127,-0.99624819,-0.99767145,-0.99406934,-0.096984078,-0.040981257,-0.056018736,-0.99692766,-0.99810702,-0.99400441,-0.99419344,-0.99494985,-0.99419344,-0.99494985,-0.99333286,-0.9952337,-0.99569879,-0.99735309,-0.99740976,-0.99890363,-0.99865677,-0.98672372,-0.99260252,-0.99840255,-0.98914555,-0.9932395,-0.99694736,-0.98576146,-0.9908238,-0.99695721,-0.98905174,-0.99304129,-0.99512261,-0.99756262,-0.99341683,-0.99656089,-0.9976868,-0.99477065,-0.99427863,-0.99537148,-0.99444815,-0.99520624,-0.99721689,-0.99782288,-0.99873615,-0.99886745,-0.02144554,0.33700987,-0.43668499,-0.62292202,-0.75897692,0.26422361,0.030743151
"STANDING",1,0.27899267,-0.014531029,-0.10659617,-0.99805969,-0.98606983,-0.99342424,0.95419361,-0.26194319,-0.011180786,-0.99796817,-0.98848774,-0.99047056,0.074219489,0.0044872377,0.0069293456,-0.99605338,-0.98671816,-0.99156012,-0.027372739,-0.0753043,0.088552726,-0.9935398,-0.99742925,-0.99505457,-0.097154466,-0.039321883,-0.051857918,-0.99574247,-0.99798917,-0.99445348,-0.9957494,-0.99441625,-0.9957494,-0.99441625,-0.99251624,-0.99485866,-0.99526631,-0.99616702,-0.99717187,-0.99868261,-0.99747202,-0.9852728,-0.99227953,-0.99834409,-0.98628632,-0.9938875,-0.99654528,-0.98709855,-0.9903284,-0.99577968,-0.98715184,-0.99126017,-0.99272051,-0.99733625,-0.99325176,-0.99372716,-0.9974327,-0.99626738,-0.99363919,-0.99500518,-0.99439824,-0.99426938,-0.99674532,-0.99619603,-0.99838463,-0.99900752,0.025651991,0.066502648,-0.22631551,-0.22535799,-0.76219671,0.26209013,0.029403668
"STANDING",1,0.27573444,-0.01801884,-0.10677578,-0.99925496,-0.99366888,-0.9941888,0.95458893,-0.26049928,-0.0099594009,-0.99900508,-0.99730066,-0.99773765,0.073460968,0.01837229,0.001436324,-0.99656406,-0.98927805,-0.99108795,-0.030529617,-0.074705186,0.089415593,-0.99433322,-0.99747657,-0.9967981,-0.10226052,-0.040127012,-0.052669203,-0.99543855,-0.99754026,-0.99537407,-0.9985525,-0.99776154,-0.9985525,-0.99776154,-0.99338553,-0.99456104,-0.99582615,-0.99579462,-0.99717422,-0.9982994,-0.99898187,-0.98994616,-0.99251428,-0.99939524,-0.99547014,-0.99502186,-0.99736314,-0.98910225,-0.98919841,-0.99589031,-0.99028132,-0.99157098,-0.99206061,-0.99732034,-0.99534292,-0.99504265,-0.99752732,-0.99774839,-0.99638609,-0.99864097,-0.99322754,-0.99555244,-0.99660807,-0.99570376,-0.99796927,-0.99865929,0.23106031,0.42928253,0.68115429,0.81522562,-0.76370208,0.26110336,0.028562963
"STANDING",1,0.29794572,0.027093908,-0.061668123,-0.98864079,-0.8166986,-0.90190653,0.94489486,-0.29262334,-0.021435523,-0.9640453,-0.81461226,-0.86787383,0.066656163,-0.068367084,-0.033607601,-0.99027112,-0.98429137,-0.99104766,-0.010548201,0.15705425,-0.17452147,-0.97753165,-0.94186755,-0.91159041,-0.084175874,-0.080866451,0.0075315612,-0.98467008,-0.99282912,-0.98983733,-0.90458778,-0.83989567,-0.90458778,-0.83989567,-0.99047837,-0.98912684,-0.84050608,-0.882544,-0.99144905,-0.98971134,-0.98933967,-0.88341385,-0.95494861,-0.98817595,-0.79942945,-0.88547351,-0.98924824,-0.98354471,-0.98933823,-0.9925346,-0.98646367,-0.99130793,-0.97246478,-0.95036887,-0.91031729,-0.97906665,-0.93741192,-0.91991214,-0.90383853,-0.83625317,-0.98902608,-0.98780475,-0.91104074,-0.88447314,-0.99024194,-0.98927719,0.062296619,-0.05871932,0.031207971,-0.26879133,-0.73093729,0.28315855,0.036443909
"STANDING",1,0.27920345,-0.023020143,-0.12208028,-0.99683904,-0.97484812,-0.98338551,0.95201342,-0.26311695,-0.0035761635,-0.99509379,-0.97591253,-0.97119457,0.074659313,-0.0012810862,-0.026636672,-0.99505528,-0.99527456,-0.99513244,-0.015810859,0.027702205,-0.02694145,-0.98874836,-0.96725751,-0.93401801,-0.099860486,-0.057413011,-0.022366509,-0.99476086,-0.99694746,-0.9966766,-0.98446381,-0.98754846,-0.98446381,-0.98754846,-0.99628275,-0.99754046,-0.93127833,-0.92308961,-0.99680193,-0.99809793,-0.9956289,-0.98317075,-0.98412856,-0.99746986,-0.97150398,-0.98329938,-0.99478908,-0.99470375,-0.99357321,-0.99584517,-0.99645355,-0.995327,-0.99083312,-0.97688822,-0.94907865,-0.98824485,-0.96247444,-0.93544517,-0.99136765,-0.98608288,-0.99681501,-0.99757854,-0.95640227,-0.91767988,-0.997604,-0.99883527,-0.12185222,-0.029076714,-0.013034217,-0.056927156,-0.76110079,0.26311858,0.02417211
"STANDING",1,0.27917394,-0.026200646,-0.12328257,-0.99609149,-0.9834027,-0.9906751,0.96761519,-0.14397645,0.099850143,-0.99664558,-0.98139281,-0.97847643,0.077320614,0.020057642,-0.0098647722,-0.99269737,-0.98755275,-0.99349757,-0.043409983,-0.091386182,0.085537699,-0.9913848,-0.99240732,-0.98755418,-0.091169889,-0.03633262,-0.06046466,-0.9911194,-0.99664096,-0.99332889,-0.98654176,-0.98642135,-0.98654176,-0.98642135,-0.99307804,-0.9933808,-0.98205988,-0.98735112,-0.99550216,-0.9952666,-0.99549062,-0.98356972,-0.99107978,-0.99631211,-0.98324437,-0.99022911,-0.99444663,-0.98872722,-0.99135422,-0.99137827,-0.98692685,-0.99439076,-0.98710958,-0.99360151,-0.98719126,-0.99281036,-0.99164605,-0.98867764,-0.98751866,-0.98674196,-0.99276892,-0.99169983,-0.9894128,-0.98783575,-0.99522071,-0.99523693,-0.036787973,-0.012892494,0.64001104,-0.48536645,-0.84864938,0.18193476,-0.047663183
"STANDING",1,0.27662877,-0.016569655,-0.11536185,-0.99813862,-0.98081727,-0.99048163,0.9682244,-0.14875022,0.094485896,-0.99842928,-0.98809824,-0.97874493,0.073444363,0.019121574,0.016779979,-0.99642017,-0.98835871,-0.9924549,-0.033960416,-0.074708034,0.077392035,-0.98518357,-0.99237812,-0.98740185,-0.090770099,-0.037632533,-0.058289319,-0.99135446,-0.99647298,-0.99451099,-0.99282715,-0.99127536,-0.99282715,-0.99127536,-0.99348,-0.99585371,-0.98520373,-0.98906257,-0.99580756,-0.99525804,-0.99728592,-0.98230099,-0.98836944,-0.99860647,-0.98012947,-0.99191496,-0.99629204,-0.98879002,-0.99062442,-0.99690254,-0.98860666,-0.99290652,-0.98244648,-0.9929838,-0.98866644,-0.98598182,-0.99195582,-0.98794433,-0.99359085,-0.99006346,-0.99552281,-0.99438901,-0.99143303,-0.98905935,-0.99509278,-0.99546483,0.12332005,0.12254196,0.69357829,-0.61597061,-0.84786525,0.18515116,-0.043892254
"STANDING",1,0.27719877,-0.01009785,-0.10513725,-0.99733496,-0.99048681,-0.99542003,0.9679482,-0.14820997,0.091909715,-0.9989793,-0.98675389,-0.99730641,0.077932436,0.018684046,0.0093444336,-0.9948136,-0.98871446,-0.99226635,-0.028775508,-0.070393108,0.079012142,-0.9851808,-0.99211748,-0.98307675,-0.094247582,-0.043355261,-0.041935999,-0.99162156,-0.99601465,-0.99309059,-0.99429499,-0.99524897,-0.99429499,-0.99524897,-0.9930177,-0.99542431,-0.9858944,-0.98644027,-0.99527476,-0.99520498,-0.99665675,-0.9869395,-0.9927386,-0.9976438,-0.99226365,-0.99704592,-0.99485071,-0.98824433,-0.99015748,-0.995218,-0.9901788,-0.99306675,-0.98489022,-0.99278621,-0.9807784,-0.98528707,-0.99165953,-0.9853661,-0.99483599,-0.9952833,-0.99473292,-0.99515619,-0.99050002,-0.98586094,-0.99514331,-0.9952387,0.082632155,-0.14343901,0.27504075,-0.36822404,-0.84963158,0.18482251,-0.042126383
"STANDING",1,0.27945388,-0.019640776,-0.11002215,-0.99692104,-0.96718593,-0.98311783,0.9679295,-0.14428214,0.093144628,-0.99933247,-0.98857468,-0.99201595,0.082170765,-0.01701467,-0.015798166,-0.99520561,-0.98483079,-0.98842507,-0.028600251,-0.083046734,0.095464555,-0.98817723,-0.98920571,-0.9791538,-0.097088606,-0.041589277,-0.044704559,-0.99041853,-0.99541459,-0.9904868,-0.9874657,-0.98274603,-0.9874657,-0.98274603,-0.9913143,-0.98944783,-0.98550069,-0.98462525,-0.99371877,-0.9952695,-0.99584913,-0.96761161,-0.98412325,-0.99746125,-0.96792578,-0.98288731,-0.99475512,-0.98324029,-0.98733724,-0.9962421,-0.98826343,-0.98790847,-0.98602735,-0.99049909,-0.97845604,-0.98878814,-0.98840583,-0.9811471,-0.98213471,-0.98477295,-0.9878858,-0.99054611,-0.9882692,-0.98456854,-0.99564148,-0.99463909,-0.21275406,-0.23062193,0.01463669,-0.18951153,-0.85215025,0.18216997,-0.043009987
"STANDING",1,0.27743247,-0.030488303,-0.12536043,-0.99655926,-0.96672843,-0.98158533,0.96849148,-0.14670536,0.091708159,-0.99811827,-0.97295996,-0.97656878,0.072364228,0.0087478559,-0.0044681354,-0.99527281,-0.98129122,-0.99033964,-0.024200262,-0.07789261,0.094095607,-0.98910723,-0.98740324,-0.97851956,-0.10316236,-0.035546068,-0.063208931,-0.9911036,-0.99579433,-0.99073859,-0.97745766,-0.97599674,-0.97745766,-0.97599674,-0.99085085,-0.99038832,-0.98450563,-0.98683834,-0.99429068,-0.9952107,-0.99519276,-0.97429127,-0.98865193,-0.99727933,-0.96410195,-0.97807586,-0.99494703,-0.9807555,-0.99083807,-0.99612766,-0.98336934,-0.98816283,-0.98733016,-0.99001425,-0.98036083,-0.98960041,-0.9859172,-0.97968102,-0.98218413,-0.9751195,-0.98985144,-0.98979026,-0.98943061,-0.98706484,-0.99562912,-0.99450684,-0.020888015,0.59399581,-0.56187067,0.46738333,-0.85101671,0.18377851,-0.041975833
"STANDING",1,0.27729342,-0.021750698,-0.12075082,-0.99732847,-0.96124532,-0.98367156,0.96848115,-0.15437401,0.085118255,-0.99778938,-0.9756451,-0.9689613,0.075284365,0.030762704,0.01121195,-0.99647892,-0.98005127,-0.99666607,-0.024831025,-0.066401639,0.077862982,-0.99088198,-0.99289135,-0.98724152,-0.1006944,-0.047715247,-0.067720045,-0.99241954,-0.99631178,-0.99395634,-0.98363087,-0.97751373,-0.98363087,-0.97751373,-0.99332542,-0.99288747,-0.98936978,-0.99091446,-0.99584954,-0.9955883,-0.99709991,-0.96820527,-0.99063224,-0.99736759,-0.95918148,-0.98005989,-0.99669274,-0.98019053,-0.99630723,-0.99650656,-0.98128976,-0.99544136,-0.98909792,-0.99196691,-0.98402803,-0.99137591,-0.99351595,-0.98962879,-0.9831308,-0.9766829,-0.99207263,-0.99289011,-0.99162928,-0.99175866,-0.99526037,-0.99600721,0.012954021,0.080936389,-0.23431263,0.11779701,-0.84797148,0.18898248,-0.037363927
"STANDING",1,0.2756763,-0.021264234,-0.11080122,-0.99786211,-0.99009076,-0.99459257,0.95309294,-0.26245862,-0.011512171,-0.99833263,-0.99198868,-0.99706732,0.076943687,0.005482978,0.0016020823,-0.9956916,-0.98292126,-0.99269663,-0.028153699,-0.076118947,0.088998758,-0.99808137,-0.9975863,-0.99486246,-0.097980589,-0.039427698,-0.055537897,-0.99731648,-0.99855988,-0.99636971,-0.99589346,-0.99728461,-0.99589346,-0.99728461,-0.99222923,-0.99284139,-0.99762227,-0.99796907,-0.99852925,-0.99891331,-0.9975464,-0.9864129,-0.99403597,-0.99796805,-0.99198378,-0.99452293,-0.99630977,-0.98291315,-0.99221625,-0.99530314,-0.98414932,-0.9915595,-0.9970942,-0.99788171,-0.99467877,-0.99840904,-0.9973201,-0.99529435,-0.99596298,-0.998191,-0.99258499,-0.99181646,-0.99824461,-0.99793024,-0.99896566,-0.9985402,-0.032337498,-0.30129838,0.13257596,-0.022379316,-0.76150888,0.26255006,0.02963917
"STANDING",1,0.2792002,-0.017714427,-0.10916135,-0.99838929,-0.98730784,-0.99083159,0.95273161,-0.26500697,-0.012703514,-0.99849937,-0.99227999,-0.99292597,0.078642693,0.016503342,-4.8515198e-05,-0.99671667,-0.98591724,-0.99281698,-0.027220935,-0.069195151,0.079055228,-0.99833703,-0.99820829,-0.99598691,-0.097053649,-0.039995777,-0.059039117,-0.99779214,-0.99830456,-0.99575499,-0.99521534,-0.99651065,-0.99521534,-0.99651065,-0.99337454,-0.99435793,-0.99736198,-0.9977236,-0.99832144,-0.99893826,-0.99750264,-0.98498699,-0.98999238,-0.9989003,-0.98839141,-0.99125809,-0.9965272,-0.98644595,-0.99045005,-0.997259,-0.98621704,-0.99397855,-0.99763528,-0.99799155,-0.9942121,-0.9985502,-0.99830862,-0.99714765,-0.99508421,-0.9975563,-0.99429146,-0.99276945,-0.99803662,-0.9977049,-0.99872646,-0.9990231,-0.54288424,-0.24954451,0.0069861792,-0.23519954,-0.75896013,0.26425623,0.030456029
"STANDING",2,0.25717778,-0.02328523,-0.014653762,-0.938404,-0.92009078,-0.66768331,0.93648925,-0.28271916,0.11528825,-0.92542727,-0.93701413,-0.56428842,0.072046007,0.045754401,-0.10604266,-0.90668276,-0.93801639,-0.93593583,0.11997616,-0.091792335,0.18962854,-0.88308911,-0.8161636,-0.94088123,-0.20489621,-0.17448771,-0.09338934,-0.90122415,-0.91086005,-0.93925042,-0.86692938,-0.70519112,-0.86692938,-0.70519112,-0.92976655,-0.89599425,-0.79554393,-0.76207322,-0.92519489,-0.89434361,-0.91850969,-0.91821319,-0.78909145,-0.94829035,-0.92513687,-0.63631674,-0.89963316,-0.937485,-0.9235514,-0.92442913,-0.94321038,-0.94789152,-0.82355788,-0.80791598,-0.91791256,-0.90326274,-0.822677,-0.95616508,-0.79094643,-0.711074,-0.89506118,-0.89635958,-0.77061,-0.79711285,-0.89016545,-0.90730756,0.0064624029,0.16291982,-0.82588562,0.27115145,-0.72000927,0.27680104,-0.057978304
"STANDING",2,0.28602671,-0.013163359,-0.11908252,-0.97541469,-0.9674579,-0.94495817,0.92740359,-0.28921515,0.15256831,-0.98905711,-0.9838872,-0.96478113,0.070180689,-0.017876016,-0.0017206291,-0.94920395,-0.97269891,-0.9777267,-0.0015524629,-0.18729119,0.18070522,-0.92556647,-0.9295992,-0.96758097,-0.13866849,-0.025802071,-0.071418405,-0.96230415,-0.95628941,-0.98134077,-0.96896136,-0.95390243,-0.96896136,-0.95390243,-0.97371675,-0.94100781,-0.89843314,-0.91085833,-0.97339341,-0.94409,-0.96090303,-0.96443332,-0.95667485,-0.98434996,-0.97017476,-0.94186191,-0.94351902,-0.96916232,-0.97344886,-0.9616312,-0.98002631,-0.9807873,-0.92251305,-0.92649565,-0.96822947,-0.92705058,-0.93201069,-0.97014338,-0.95412665,-0.95974581,-0.94543723,-0.934152,-0.92446082,-0.91677415,-0.95197735,-0.93821243,-0.083494968,0.017499572,-0.43437455,0.92059323,-0.69809082,0.28134292,-0.083898014
"STANDING",2,0.27548482,-0.02605042,-0.11815167,-0.99381904,-0.96992551,-0.96274798,0.92991503,-0.28751284,0.14608559,-0.9959365,-0.98825055,-0.98157964,0.069367784,-0.0049081456,-0.013672983,-0.9910699,-0.97140413,-0.97286744,-0.048212671,-0.16627974,0.15417437,-0.97298823,-0.97851062,-0.97564834,-0.097809669,-0.034213274,-0.060028399,-0.98416694,-0.98793987,-0.97618761,-0.97622817,-0.97908345,-0.97622817,-0.97908345,-0.98161775,-0.97137104,-0.93919355,-0.97177627,-0.98674805,-0.98440146,-0.99190627,-0.96503362,-0.96689961,-0.99475367,-0.97369585,-0.96228657,-0.99102948,-0.97336887,-0.97170298,-0.99191217,-0.97098573,-0.97232221,-0.9728456,-0.98083326,-0.97206022,-0.97319788,-0.97719446,-0.97909527,-0.97564966,-0.98378426,-0.97106896,-0.97030784,-0.97520949,-0.97399836,-0.98568879,-0.98327268,-0.03495625,0.20230203,0.064103354,0.14506843,-0.70277146,0.28008303,-0.079346197
"STANDING",2,0.27029822,-0.032613869,-0.11752018,-0.99474279,-0.97326761,-0.96709068,0.92888137,-0.29339576,0.14292592,-0.99313918,-0.97041923,-0.99159167,0.074852891,0.032274322,0.012141275,-0.99080161,-0.97289567,-0.97592527,-0.056641577,-0.12601846,0.11833718,-0.96779046,-0.9751338,-0.9632327,-0.10223178,-0.044713461,-0.053436499,-0.98417089,-0.98955423,-0.98072396,-0.9743245,-0.97701589,-0.9743245,-0.97701589,-0.98271214,-0.97480746,-0.94718438,-0.97036824,-0.98882036,-0.9855681,-0.99302982,-0.9682839,-0.96691156,-0.99559355,-0.97691756,-0.96895787,-0.99053617,-0.97245255,-0.97033741,-0.99195996,-0.97543408,-0.98062113,-0.97150165,-0.98134496,-0.96670552,-0.96718562,-0.97190942,-0.96527548,-0.97339313,-0.98211956,-0.97165451,-0.97848438,-0.97629733,-0.97124817,-0.98556187,-0.98584291,-0.017067021,0.15443783,0.34013408,0.29640709,-0.69895383,0.28411379,-0.077108002
"STANDING",2,0.27483295,-0.027847788,-0.12952716,-0.99385248,-0.96744548,-0.97829499,0.92659966,-0.30296094,0.13830674,-0.99557462,-0.97096035,-0.96808532,0.078376795,0.022276764,0.0027484994,-0.99207239,-0.97867004,-0.98661202,-0.059992128,-0.08472343,0.078659262,-0.97465605,-0.97795105,-0.96762872,-0.091849944,-0.029005022,-0.061235354,-0.98847382,-0.99187728,-0.9819836,-0.97583556,-0.97689339,-0.97583556,-0.97689339,-0.98690794,-0.98885394,-0.95741922,-0.96949953,-0.99006205,-0.99041891,-0.99240425,-0.96920715,-0.97965265,-0.99450372,-0.96746811,-0.97823994,-0.99148001,-0.97983461,-0.98349302,-0.99357091,-0.97869657,-0.98850332,-0.97640453,-0.98040426,-0.96878202,-0.97439786,-0.9765654,-0.97001655,-0.97773896,-0.9788381,-0.98748876,-0.98971596,-0.97700701,-0.96961934,-0.99049804,-0.99057193,-0.0022226521,-0.040046393,0.73671509,-0.11854473,-0.69224496,0.29072202,-0.07385681
"STANDING",1,0.27903836,-0.014800378,-0.11684896,-0.99694116,-0.98186562,-0.98257653,0.95272437,-0.26509148,-0.0077089922,-0.99928053,-0.99197906,-0.97103653,0.076711586,0.012251865,0.010057325,-0.99481489,-0.99243002,-0.99605297,-0.013406816,-0.046264419,0.060933625,-0.98911045,-0.98218028,-0.97436137,-0.094790394,-0.05064817,-0.034809761,-0.99563871,-0.99702529,-0.99496175,-0.98904307,-0.99093187,-0.98904307,-0.99093187,-0.99552049,-0.99892631,-0.97236443,-0.98189323,-0.99690565,-0.99779235,-0.99619504,-0.98725851,-0.98768709,-0.99727628,-0.97932377,-0.97998327,-0.99494893,-0.99233802,-0.99355517,-0.99509342,-0.99309147,-0.99760124,-0.99075452,-0.98614115,-0.97429588,-0.98869915,-0.98002865,-0.97655213,-0.99273157,-0.99011174,-0.99885264,-0.99774096,-0.98656987,-0.9816707,-0.99733245,-0.9984604,-0.0014463033,-0.048109773,-0.34047349,-0.22915457,-0.75917219,0.26432447,0.027014344
"STANDING",1,0.2801349,-0.013916951,-0.10637048,-0.99769492,-0.98751567,-0.99040744,0.95306401,-0.26471825,-0.011556695,-0.99863217,-0.99238313,-0.99072749,0.07525447,0.015419535,0.016625946,-0.99497881,-0.99145508,-0.99562514,-0.012725097,-0.077761376,0.094503668,-0.9891964,-0.9897621,-0.98196822,-0.10533471,-0.046139602,-0.046398495,-0.99646489,-0.99736626,-0.99343448,-0.99507155,-0.99268417,-0.99507155,-0.99268417,-0.99564686,-0.9967385,-0.9804895,-0.98867771,-0.99700147,-0.99768614,-0.99683409,-0.98804239,-0.98993731,-0.9981406,-0.98689854,-0.99059032,-0.99530791,-0.99136358,-0.99479031,-0.99500032,-0.99218538,-0.99493612,-0.98907811,-0.99140219,-0.98219024,-0.98921392,-0.9887699,-0.98337078,-0.99343349,-0.99230619,-0.99635004,-0.99609913,-0.99244181,-0.98791994,-0.99759265,-0.99761851,-0.028331858,0.092367048,-0.82223861,0.36755744,-0.75936327,0.26403279,0.029664019
"STANDING",1,0.27773106,-0.018210718,-0.10918803,-0.99749074,-0.99322197,-0.99612795,0.95360569,-0.26305774,-0.011094388,-0.9987754,-0.99697129,-0.99493392,0.075021356,0.0042103143,-0.0051048322,-0.99576851,-0.99245139,-0.99513475,-0.02464236,-0.087790863,0.10782187,-0.99128786,-0.99769748,-0.99533142,-0.10413693,-0.041083288,-0.054341093,-0.99617306,-0.99845498,-0.99594305,-0.99872681,-0.99741361,-0.99872681,-0.99741361,-0.99585704,-0.99731242,-0.98856897,-0.99388286,-0.99808075,-0.99848741,-0.99680119,-0.99094436,-0.99596151,-0.99781366,-0.99394956,-0.99565162,-0.99575245,-0.9924115,-0.99550105,-0.99615735,-0.99303791,-0.9931084,-0.99051434,-0.99790133,-0.99428753,-0.99146979,-0.99749133,-0.99613008,-0.99704386,-0.99731449,-0.99674065,-0.99704535,-0.9956098,-0.99348569,-0.99850483,-0.99819704,-0.16584915,-0.033006915,-0.24057155,0.78819291,-0.76105187,0.26288599,0.029345734
"STANDING",1,0.27556818,-0.016979698,-0.11142918,-0.99781139,-0.9905223,-0.99762104,0.95359464,-0.26348997,-0.011425851,-0.9987486,-0.99585747,-0.99422799,0.076113384,0.01842771,-0.0060482131,-0.99667367,-0.99275996,-0.99654064,-0.029461913,-0.084376762,0.10074789,-0.99590036,-0.99754503,-0.99504298,-0.097122835,-0.039561886,-0.054821896,-0.99662474,-0.99929097,-0.99715752,-0.99797237,-0.99879494,-0.99797237,-0.99879494,-0.99645316,-0.99991721,-0.993472,-0.99528437,-0.99869585,-0.99967043,-0.99720497,-0.99029766,-0.99669495,-0.99809595,-0.99012472,-0.9976144,-0.9966077,-0.9930446,-0.99488302,-0.9970498,-0.99288054,-0.99692498,-0.99517802,-0.9982421,-0.995936,-0.99606208,-0.99703422,-0.99502512,-0.99989278,-0.99727464,-0.99947946,-0.99958203,-0.99720378,-0.99453695,-0.99957244,-0.99956029,0.24493131,0.10256897,0.066134774,-0.41172948,-0.76062023,0.26316935,0.029573033
"STANDING",1,0.27756171,-0.014318487,-0.10787724,-0.99790424,-0.99431129,-0.99595166,0.95313551,-0.2634369,-0.012458678,-0.9990282,-0.99464403,-0.99675098,0.075342269,0.018055718,-0.0049718288,-0.99611698,-0.99343265,-0.9939722,-0.029814933,-0.078706495,0.093773469,-0.99747587,-0.99822808,-0.99813809,-0.096999665,-0.039383672,-0.055209671,-0.99721308,-0.99885611,-0.99589195,-0.99844133,-0.99798984,-0.99844133,-0.99798984,-0.99547632,-0.99763356,-0.99698274,-0.99900144,-0.99843291,-0.9991886,-0.99719829,-0.99261084,-0.99417669,-0.99825827,-0.99458578,-0.99675387,-0.99612215,-0.99357857,-0.99215543,-0.99644693,-0.99369185,-0.99446029,-0.99678336,-0.99846765,-0.99695895,-0.99765151,-0.99799488,-0.9988931,-0.99725253,-0.99819256,-0.99832359,-0.995093,-0.9988685,-0.99922087,-0.99904676,-0.99915254,0.16060735,0.19777391,0.25765721,-0.38110213,-0.76052773,0.26318349,0.030288454
"STANDING",1,0.27715238,-0.017983328,-0.10660117,-0.99776322,-0.98995727,-0.99658567,0.95318325,-0.26189643,-0.012015606,-0.99904052,-0.99499448,-0.99536331,0.073413536,0.0045245992,-0.005894406,-0.99550617,-0.98680662,-0.99249984,-0.02917889,-0.07955402,0.094585279,-0.99758401,-0.99864863,-0.99768157,-0.097217687,-0.040646212,-0.054870288,-0.99666843,-0.99847664,-0.99586503,-0.997891,-0.99752775,-0.997891,-0.99752775,-0.99306888,-0.99440487,-0.99707363,-0.99843242,-0.99818838,-0.99867706,-0.99657474,-0.98697802,-0.99542528,-0.99844386,-0.99134414,-0.99683996,-0.9958259,-0.98689999,-0.99113965,-0.99549079,-0.98761657,-0.99236996,-0.99638039,-0.99844454,-0.99640039,-0.99797979,-0.99874253,-0.99850636,-0.99671069,-0.99781715,-0.99449599,-0.99278698,-0.99852538,-0.99850046,-0.99842415,-0.99888625,-0.002320184,0.15039083,0.14233132,-0.85371129,-0.7620229,0.26217028,0.029986987
"STANDING",2,0.27915178,-0.021879444,-0.10973077,-0.99778103,-0.99295121,-0.98568028,0.92403746,-0.31295562,0.1314731,-0.99837133,-0.99227971,-0.99206883,0.073495012,0.01105182,-0.01853629,-0.99404984,-0.98465144,-0.98674551,-0.029174831,-0.079426371,0.092674028,-0.99579842,-0.99382668,-0.99431145,-0.095793768,-0.038043778,-0.056942414,-0.99350021,-0.99529245,-0.99551391,-0.99317478,-0.99518342,-0.99317478,-0.99518342,-0.98917652,-0.99115044,-0.99425402,-0.9951991,-0.9954186,-0.99696993,-0.99635482,-0.98981458,-0.98430519,-0.99864331,-0.99431655,-0.98689355,-0.9938092,-0.98572742,-0.98549705,-0.99489149,-0.98435234,-0.9863919,-0.99346021,-0.99362734,-0.99400498,-0.99660277,-0.9939159,-0.99484074,-0.99400006,-0.99601109,-0.98988419,-0.99192121,-0.99495697,-0.99613329,-0.99659475,-0.997454,-0.24053107,0.22042371,0.079632507,-0.25871135,-0.68570989,0.29768742,-0.069092065
"STANDING",2,0.27454383,-0.023145294,-0.1125396,-0.99620456,-0.9915728,-0.98751828,0.92445923,-0.31568266,0.13103466,-0.9992491,-0.99095888,-0.98946132,0.076245658,0.0061658182,-0.0034026214,-0.99195764,-0.9882498,-0.98820739,-0.02794305,-0.07935183,0.096964901,-0.99489468,-0.9947356,-0.9963317,-0.097721303,-0.039609772,-0.051964221,-0.9930048,-0.99560214,-0.99580877,-0.99209849,-0.99412726,-0.99209849,-0.99412726,-0.9894526,-0.99451471,-0.99394477,-0.99576249,-0.99543688,-0.99728357,-0.99479144,-0.98861809,-0.98770144,-0.99693516,-0.99286441,-0.98747911,-0.99216963,-0.98856035,-0.98644174,-0.99240047,-0.98866439,-0.98846739,-0.99244084,-0.9945768,-0.99525125,-0.99570116,-0.99479355,-0.99709103,-0.99262272,-0.99530622,-0.99330914,-0.99541989,-0.99546295,-0.99666227,-0.99676286,-0.99807903,-0.019405775,-0.20277295,-0.11496267,-0.15772314,-0.68361865,0.29940116,-0.068703555
"STANDING",2,0.26906631,-0.027685967,-0.11017794,-0.9968836,-0.9864395,-0.9884791,0.92317418,-0.31981835,0.12898325,-0.99281837,-0.98326068,-0.99353816,0.079173934,0.018495729,0.018553835,-0.99361731,-0.98564396,-0.99061427,-0.026941731,-0.068240615,0.089771735,-0.99388537,-0.98820559,-0.98344383,-0.10142743,-0.038160122,-0.058543152,-0.99293553,-0.99434929,-0.99290875,-0.98880473,-0.98770276,-0.98880473,-0.98770276,-0.99092702,-0.99385728,-0.98944095,-0.98687805,-0.99441044,-0.99553145,-0.99571171,-0.98442061,-0.98669651,-0.99749113,-0.98737963,-0.98979083,-0.99351603,-0.98401132,-0.98826057,-0.99430987,-0.98909532,-0.99166802,-0.99221021,-0.98992876,-0.98512453,-0.9943601,-0.98717522,-0.98420817,-0.98863354,-0.98793678,-0.99419527,-0.99185806,-0.98880945,-0.98753556,-0.99535264,-0.99569128,0.021210681,-0.1451142,-0.018867999,0.64856115,-0.68050255,0.30228943,-0.067274448
"STANDING",2,0.27557925,-0.018936424,-0.097409776,-0.99606469,-0.96822549,-0.98069598,0.92036099,-0.32552855,0.12910023,-0.99243056,-0.98164027,-0.99003989,0.075745215,0.031020344,0.015751456,-0.99417651,-0.98532987,-0.991535,-0.026364477,-0.064583159,0.073449259,-0.99254536,-0.98826303,-0.98518426,-0.10010014,-0.039292409,-0.060488259,-0.99249168,-0.99386369,-0.99377681,-0.98345554,-0.98813206,-0.98345554,-0.98813206,-0.99209801,-0.99224337,-0.98770443,-0.98767351,-0.99443167,-0.99463809,-0.99606425,-0.97359746,-0.98332034,-0.99595662,-0.96645863,-0.97965915,-0.99513688,-0.98499726,-0.98902474,-0.99354233,-0.98683492,-0.99283303,-0.99018207,-0.98942265,-0.98591136,-0.99324917,-0.98754431,-0.9861154,-0.98738595,-0.98950494,-0.99335409,-0.98898022,-0.98960102,-0.98819675,-0.99432072,-0.99513932,-0.046559328,0.11927877,0.060107375,0.39735012,-0.67494352,0.30635075,-0.067372589
"STANDING",2,0.28193083,-0.004880615,-0.086106145,-0.98907559,-0.95900626,-0.97302388,0.91979943,-0.32576314,0.13401665,-0.99519236,-0.98160614,-0.96913566,0.065217218,-0.010943663,-0.025885472,-0.97944868,-0.96940183,-0.98769745,-0.076452794,-0.015582021,0.025521434,-0.84566376,-0.91612436,-0.91722556,-0.19787079,-0.025032953,-0.059846977,-0.96508293,-0.98444407,-0.97313161,-0.97177018,-0.96608028,-0.97177018,-0.96608028,-0.98444335,-0.97153546,-0.92345144,-0.72226181,-0.98575128,-0.96661468,-0.98320133,-0.95675185,-0.97471273,-0.99250983,-0.96178818,-0.97319102,-0.98020184,-0.96735551,-0.98362993,-0.9803966,-0.97451808,-0.99094372,-0.82265638,-0.94607132,-0.9348623,-0.85325262,-0.90235584,-0.91943187,-0.97084205,-0.96746788,-0.97648381,-0.963856,-0.80914,-0.71810731,-0.97267088,-0.96151741,0.016685052,0.21413562,0.77004437,0.89028948,-0.67294828,0.30646033,-0.070758517
"STANDING",2,0.31107792,-0.019430625,-0.10186634,-0.9366878,-0.84018585,-0.81682639,0.87581327,-0.42668132,0.038234377,-0.86986537,-0.8714715,-0.82092428,0.037478233,-0.066680016,-0.10814524,-0.97516521,-0.95570343,-0.98472427,0.00099342639,-0.11268679,-0.0037551694,-0.97841972,-0.97751116,-0.9574625,-0.087205988,-0.042719445,-0.04751798,-0.98427753,-0.98620017,-0.9739398,-0.89114826,-0.84259528,-0.89114826,-0.84259528,-0.97436577,-0.96989694,-0.94244588,-0.96165032,-0.98494221,-0.98392743,-0.94551956,-0.88363239,-0.88166597,-0.9332142,-0.82986443,-0.79929807,-0.97485024,-0.95676044,-0.98268615,-0.97779947,-0.95752624,-0.9852408,-0.97243376,-0.98011598,-0.9565205,-0.98025409,-0.9760463,-0.96150159,-0.86204866,-0.85576029,-0.97087879,-0.96707393,-0.97596859,-0.95954574,-0.98468873,-0.98347904,-0.77782753,0.12359673,-0.42867872,-0.75615169,-0.59169013,0.37925791,-0.0046550534
"STANDING",2,0.26232825,-0.023257054,-0.12552494,-0.98456111,-0.91337982,-0.91267279,0.88997692,-0.42265611,0.044050888,-0.97024526,-0.9456811,-0.91993724,0.084069165,0.064999597,0.048234989,-0.98880708,-0.97822827,-0.9883445,-0.0061088604,-0.08363601,0.034434823,-0.98668458,-0.98896619,-0.97230704,-0.10448123,-0.035397886,-0.039153959,-0.99211655,-0.99280176,-0.99043873,-0.94390252,-0.93970043,-0.94390252,-0.93970043,-0.9860497,-0.98926886,-0.96709063,-0.97232791,-0.99263654,-0.99471661,-0.98654788,-0.92924887,-0.94633946,-0.98357495,-0.91017475,-0.90221327,-0.98941257,-0.97834691,-0.98577613,-0.98906648,-0.97962797,-0.98959184,-0.98508824,-0.98913607,-0.97358459,-0.98713526,-0.9888398,-0.97422376,-0.96053843,-0.93797575,-0.98831696,-0.98931829,-0.9812298,-0.97131141,-0.9942263,-0.99537261,0.17307366,0.080320501,-0.45985519,0.40248687,-0.598653,0.37409474,-0.008467778
"STANDING",2,0.27921995,-0.018620399,-0.11390197,-0.99445523,-0.97041688,-0.96531629,0.92566317,-0.30893973,0.1305608,-0.99884225,-0.99073872,-0.97123186,0.075980393,0.017519217,0.0082080614,-0.99383436,-0.97910289,-0.98760636,-0.039697949,-0.066828493,0.070547316,-0.97987841,-0.97646279,-0.96346168,-0.092739553,-0.032138215,-0.072575489,-0.98941668,-0.98949396,-0.97777944,-0.98171632,-0.97770393,-0.98171632,-0.97770393,-0.98733569,-0.99199699,-0.96974417,-0.97329472,-0.9878482,-0.98904283,-0.99384268,-0.97072928,-0.97557712,-0.99464709,-0.97101596,-0.96144375,-0.99377593,-0.97898448,-0.98609861,-0.99445136,-0.98075853,-0.98755691,-0.97970341,-0.98052611,-0.96020643,-0.98001461,-0.97424691,-0.96781629,-0.9780025,-0.97987556,-0.99129465,-0.99174398,-0.97703453,-0.97505133,-0.98873265,-0.98980498,-0.095680522,0.048848813,0.76068392,-0.072216361,-0.68981607,0.29489576,-0.068470704
"STANDING",2,0.27974586,-0.018271026,-0.10399988,-0.99581919,-0.97635361,-0.97772468,0.92613663,-0.30956386,0.12856658,-0.9974362,-0.99656801,-0.98820362,0.074134632,-0.0003745209,-0.0073042715,-0.99422833,-0.98407463,-0.98777624,-0.03287449,-0.065186851,0.080700108,-0.98963172,-0.9838623,-0.97276516,-0.097085158,-0.045577053,-0.05067998,-0.99029738,-0.99241296,-0.98408092,-0.987652,-0.98527343,-0.987652,-0.98527343,-0.98932893,-0.99233376,-0.98233263,-0.98001093,-0.99111713,-0.99178348,-0.99537972,-0.97555993,-0.98107144,-0.99594218,-0.97718677,-0.97650662,-0.99483891,-0.98425968,-0.98671314,-0.99398294,-0.98495936,-0.9872289,-0.9868077,-0.98654614,-0.97459428,-0.99046595,-0.98233966,-0.97445871,-0.98419804,-0.98728087,-0.99085558,-0.99362737,-0.98385918,-0.98058137,-0.99174622,-0.99199079,-0.30908339,-0.00085737628,0.72851378,-0.33377136,-0.6900849,0.29528184,-0.067065291
"STANDING",2,0.27460055,-0.02503513,-0.11683085,-0.99559442,-0.98206892,-0.98526237,0.92658621,-0.3107735,0.12958012,-0.99739076,-0.98755709,-0.98979864,0.076194451,-0.0037109707,0.005193806,-0.9947049,-0.98932695,-0.99154634,-0.028869854,-0.068346001,0.087116675,-0.99434551,-0.99243952,-0.98984746,-0.095570872,-0.045698485,-0.043546352,-0.99173311,-0.99664469,-0.99363268,-0.98693665,-0.99075599,-0.98693665,-0.99075599,-0.99314688,-0.99407416,-0.99274936,-0.99178744,-0.99557708,-0.99592397,-0.99517743,-0.98208507,-0.98707442,-0.99570067,-0.98207814,-0.9843464,-0.99441341,-0.98931394,-0.98945989,-0.99555608,-0.99009955,-0.99229145,-0.99201423,-0.99322434,-0.98579928,-0.99507937,-0.99190954,-0.99252828,-0.99134903,-0.9907674,-0.99398366,-0.99279257,-0.99093371,-0.99388069,-0.99578803,-0.99599965,-0.025526125,-0.21403325,0.43763954,-0.36667425,-0.68878544,0.29598103,-0.067705706
"STANDING",2,0.27252874,-0.020954013,-0.11447249,-0.99678413,-0.97590627,-0.98659699,0.92555526,-0.31573741,0.12642607,-0.99514632,-0.98097747,-0.98127764,0.079175213,0.025020978,0.0020811765,-0.99554308,-0.99025204,-0.99328658,-0.024364328,-0.066695221,0.077032498,-0.99678549,-0.99530106,-0.99298656,-0.097698066,-0.037798123,-0.06105549,-0.99447485,-0.99720446,-0.99728901,-0.98844633,-0.9916242,-0.98844633,-0.9916242,-0.99389244,-0.99733962,-0.99373292,-0.99531712,-0.99734041,-0.99752463,-0.99647166,-0.9800731,-0.99040235,-0.99685732,-0.97423105,-0.98439586,-0.99622392,-0.99009836,-0.9929513,-0.99509637,-0.99115471,-0.99199541,-0.99480877,-0.99573837,-0.99304645,-0.99749001,-0.99496121,-0.99347137,-0.99355556,-0.9906142,-0.99740725,-0.99584704,-0.99587319,-0.99551314,-0.9973984,-0.99751892,0.14462627,-0.035564025,-0.18179978,0.087319873,-0.68539006,0.29939413,-0.065491372
"STANDING",2,0.2757457,-0.010371994,-0.09977589,-0.99837313,-0.98693291,-0.9910219,0.92417336,-0.3175966,0.1245839,-0.99800172,-0.98939331,-0.99196835,0.077145726,0.018711721,0.011466155,-0.99636877,-0.99148028,-0.99279344,-0.022462359,-0.068363863,0.076694399,-0.99639305,-0.99343897,-0.99089631,-0.10162951,-0.041681809,-0.049140975,-0.99556353,-0.99590663,-0.99443854,-0.99135299,-0.99320918,-0.99135299,-0.99320918,-0.99393494,-0.99870789,-0.99146645,-0.99580913,-0.99612756,-0.99741842,-0.99731998,-0.98683408,-0.99128545,-0.99900639,-0.98669452,-0.99064255,-0.99590468,-0.9907058,-0.99201704,-0.9973335,-0.99321584,-0.99198951,-0.99435441,-0.99381065,-0.98994957,-0.9970974,-0.99315328,-0.99197583,-0.99369338,-0.99294329,-0.99834875,-0.99807267,-0.99589683,-0.99632481,-0.9973455,-0.99730116,0.15758438,-0.033487056,-0.35089342,0.34314576,-0.68410997,0.30082171,-0.064263125
"STANDING",2,0.27859589,-0.015231928,-0.098908415,-0.99878507,-0.98194306,-0.99137882,0.92371888,-0.31398567,0.12787786,-0.99896777,-0.98598299,-0.98116601,0.073410891,0.0048205158,0.0055513158,-0.99667303,-0.98624441,-0.99071275,-0.025346783,-0.074217186,0.087760115,-0.99446328,-0.99282756,-0.99050543,-0.09760717,-0.043922229,-0.049796101,-0.99430186,-0.99498126,-0.99363215,-0.99200078,-0.99367767,-0.99200078,-0.99367767,-0.99248401,-0.99338931,-0.99262929,-0.99443845,-0.99501892,-0.99693534,-0.99826331,-0.98394109,-0.99048651,-0.99906652,-0.98092551,-0.99180335,-0.99670546,-0.98626158,-0.98849434,-0.99691631,-0.98719871,-0.9915971,-0.99303641,-0.99298218,-0.98963531,-0.99485695,-0.99268503,-0.99158402,-0.99370298,-0.99370311,-0.99227779,-0.9939467,-0.99416628,-0.99552528,-0.99650487,-0.99749031,-0.047688871,0.077151598,-0.78602342,-0.28530777,-0.68601293,0.29847844,-0.066625166
"STANDING",2,0.27563911,-0.015565524,-0.1254582,-0.98916068,-0.96851562,-0.96872274,0.88824855,-0.41368431,0.081629881,-0.99197651,-0.97603214,-0.969735,0.085393668,0.013232424,-0.015536821,-0.98039241,-0.97121581,-0.98048179,-0.033494339,-0.10529761,0.10193292,-0.96920737,-0.97220064,-0.96580084,-0.09617789,-0.044631724,-0.043954046,-0.98031888,-0.98318899,-0.97127637,-0.97639741,-0.98002125,-0.97639741,-0.98002125,-0.97752202,-0.98219111,-0.96121993,-0.97418936,-0.98156201,-0.98178573,-0.98365223,-0.96558983,-0.96942614,-0.99230894,-0.97111034,-0.96987614,-0.97766077,-0.96992179,-0.97727921,-0.98601668,-0.97508171,-0.98229033,-0.96995581,-0.97447368,-0.96152085,-0.96924784,-0.97094493,-0.97036052,-0.97599241,-0.98508439,-0.98055474,-0.98306156,-0.97769301,-0.97594928,-0.98069188,-0.98432463,0.12836818,-0.39920328,-0.0087513983,-0.33338202,-0.60152966,0.36830468,-0.034341978
"STANDING",2,0.27225459,-0.025051205,-0.13318432,-0.99115349,-0.96354868,-0.97316133,0.88833105,-0.41194179,0.075492335,-0.99607584,-0.99233821,-0.96880022,0.07232242,-0.0040930707,0.0022683017,-0.98679902,-0.97633977,-0.98315362,-0.032800503,-0.090070366,0.11430315,-0.97998548,-0.98331456,-0.97736636,-0.098093802,-0.03135971,-0.051153105,-0.98633375,-0.98639137,-0.98506684,-0.97278247,-0.97340407,-0.97278247,-0.97340407,-0.98230467,-0.98736749,-0.97418211,-0.98141963,-0.98801891,-0.98567978,-0.98861582,-0.96663407,-0.97627432,-0.99236991,-0.96315009,-0.97245528,-0.98641512,-0.97693686,-0.98054747,-0.98847165,-0.97725064,-0.98430666,-0.97913434,-0.98077626,-0.97611518,-0.98029393,-0.98515793,-0.97972877,-0.9744553,-0.97575665,-0.98616213,-0.98789437,-0.9841708,-0.98245605,-0.98489458,-0.98743883,0.005535726,-0.036520149,0.058946399,0.21627788,-0.60405909,0.36732106,-0.03016987
"STANDING",2,0.27642711,-0.026277565,-0.12694133,-0.99298881,-0.96561954,-0.9657378,0.88653599,-0.41739217,0.065348552,-0.99497146,-0.97217475,-0.95317626,0.074509321,0.017702929,0.034901242,-0.99122791,-0.98334338,-0.99065479,-0.02498197,-0.070265151,0.092864514,-0.98470493,-0.98444181,-0.97051035,-0.10085785,-0.0402331,-0.070964995,-0.98876545,-0.99298212,-0.99171636,-0.97410189,-0.97369118,-0.97410189,-0.97369118,-0.98929212,-0.99316908,-0.97913622,-0.98335629,-0.99242066,-0.99343452,-0.99282776,-0.97257829,-0.97418822,-0.99293072,-0.96330923,-0.96271167,-0.9921867,-0.98208096,-0.98902257,-0.99086264,-0.98635276,-0.99081268,-0.98292601,-0.98663348,-0.97386344,-0.9852218,-0.98317441,-0.97192347,-0.97854756,-0.9738442,-0.99231488,-0.99316333,-0.9873502,-0.98329745,-0.99366355,-0.99315607,-0.09832801,0.058556091,-0.3033647,0.18688596,-0.60017709,0.37119548,-0.023182437
"STANDING",2,0.28016952,-0.014362437,-0.10047145,-0.99359232,-0.9719031,-0.97793999,0.88595445,-0.42208281,0.05903586,-0.99566606,-0.9876842,-0.98105626,0.072727808,0.010693404,0.0035057619,-0.98996687,-0.98474713,-0.98931245,-0.023093566,-0.066467535,0.080856878,-0.98872228,-0.98688683,-0.97959066,-0.093747448,-0.040897472,-0.063732156,-0.99058671,-0.99430137,-0.99142034,-0.98424763,-0.98596967,-0.98424763,-0.98596967,-0.98869299,-0.99247748,-0.98438424,-0.98548723,-0.99339805,-0.99497909,-0.991768,-0.97863946,-0.98382913,-0.99446169,-0.96934037,-0.97529929,-0.98987604,-0.98369362,-0.98701525,-0.99096575,-0.98734666,-0.99024547,-0.9867391,-0.98940614,-0.98024967,-0.9892802,-0.98544675,-0.98105398,-0.986493,-0.98674105,-0.99070753,-0.99399011,-0.98792314,-0.98604296,-0.99455145,-0.99565783,-0.006488253,0.46110816,-0.29540451,-0.37552864,-0.5966253,0.37429781,-0.018805838
"STANDING",2,0.27746102,-0.01584543,-0.10639347,-0.99502745,-0.97159341,-0.97872472,0.88675759,-0.42075175,0.061267268,-0.99613717,-0.98906538,-0.98159227,0.076517346,0.010128253,-0.013201935,-0.98961731,-0.98141948,-0.9894596,-0.02648868,-0.074340759,0.082382273,-0.9901469,-0.99118254,-0.9850075,-0.10172432,-0.038908867,-0.051866697,-0.99147383,-0.99380568,-0.99351864,-0.9863763,-0.98543415,-0.9863763,-0.98543415,-0.98787803,-0.99101282,-0.98864889,-0.99072753,-0.99388532,-0.99488451,-0.99360857,-0.97619194,-0.98349138,-0.9957038,-0.96998062,-0.97662314,-0.9903802,-0.98112071,-0.9878848,-0.98961906,-0.98315624,-0.98952152,-0.98712175,-0.99138461,-0.98741471,-0.99105611,-0.99102057,-0.98539447,-0.98525593,-0.98677206,-0.99007226,-0.99098238,-0.99114474,-0.99184283,-0.9943382,-0.99576015,0.18114225,-0.035275912,-0.32305649,0.71100528,-0.59776122,0.37329644,-0.020333072
"STANDING",2,0.28837469,-0.0085476599,-0.10705876,-0.99334035,-0.9619744,-0.98449309,0.88727114,-0.41949043,0.062138516,-0.99569824,-0.98992735,-0.99078944,0.079692861,0.021893719,0.019722732,-0.99297171,-0.98450842,-0.99185676,-0.02724897,-0.070042463,0.072089463,-0.99325049,-0.99242499,-0.98659587,-0.098589224,-0.041452921,-0.048265495,-0.99406273,-0.9946282,-0.99371752,-0.98114936,-0.98288288,-0.98114936,-0.98288288,-0.99070401,-0.99477924,-0.98950178,-0.99283727,-0.99509372,-0.99577314,-0.99305923,-0.97531313,-0.98802879,-0.99334268,-0.95736238,-0.9826124,-0.99163949,-0.98512245,-0.99031655,-0.99552724,-0.98480126,-0.99192643,-0.99172275,-0.99300989,-0.98819888,-0.9936682,-0.99201558,-0.9870972,-0.9884016,-0.98126903,-0.99446766,-0.99386613,-0.99334345,-0.99350915,-0.99505118,-0.99694719,-0.037590335,-0.05345178,0.065759955,-0.045326673,-0.59891206,0.3724099,-0.02093498
"STANDING",2,0.28590496,-0.0077447295,-0.10273652,-0.99188377,-0.96571091,-0.98415868,0.89033905,-0.41431632,0.063073539,-0.98596458,-0.97055933,-0.98387503,0.073692837,0.022299194,0.024172207,-0.99448244,-0.98340546,-0.99015863,-0.030446957,-0.069251086,0.084129975,-0.97846434,-0.98511749,-0.98276696,-0.13741057,-0.029849391,-0.038735438,-0.98464085,-0.99346953,-0.99098372,-0.98120081,-0.98298022,-0.98120081,-0.98298022,-0.99091628,-0.99143577,-0.98495044,-0.96738778,-0.99269469,-0.98906268,-0.99314892,-0.9760806,-0.98592627,-0.99118246,-0.96201887,-0.98335652,-0.99392541,-0.98397812,-0.98778377,-0.9957298,-0.98383158,-0.991224,-0.96317983,-0.98548682,-0.98725653,-0.98420307,-0.98489038,-0.98274147,-0.98657404,-0.98232817,-0.9902788,-0.99199851,-0.96671378,-0.97348827,-0.98829589,-0.99062868,0.027248582,0.16340497,0.77938529,0.79985543,-0.60420037,0.3686363,-0.021573807
"STANDING",2,0.28841575,-0.003485395,-0.083827858,-0.99457065,-0.97835984,-0.97994262,0.88529186,-0.42609871,0.038517398,-0.98971312,-0.97043824,-0.95956976,0.079803783,0.014624073,-0.0045173884,-0.99168826,-0.98327871,-0.99208358,-0.019768993,-0.079931119,0.077789083,-0.9883864,-0.99057798,-0.98068603,-0.10348036,-0.041431124,-0.046259069,-0.99359924,-0.99292775,-0.98920053,-0.97506523,-0.97474348,-0.97506523,-0.97474348,-0.99096838,-0.9911234,-0.98433291,-0.98766424,-0.99275342,-0.99496513,-0.99267369,-0.97977967,-0.98759141,-0.99553177,-0.97786162,-0.9762713,-0.99122166,-0.9826427,-0.99116022,-0.99304259,-0.98535646,-0.9914358,-0.98710948,-0.99044019,-0.97982749,-0.98873327,-0.99064283,-0.98260428,-0.98357957,-0.97284557,-0.99027752,-0.99109654,-0.99049256,-0.98760355,-0.99448466,-0.99573512,0.03457763,-0.33956605,-0.7094399,0.39675833,-0.59475516,0.37713126,-0.0047211516
"STANDING",2,0.27116593,-0.025972908,-0.094923481,-0.97012403,-0.90187818,-0.9652996,0.88868488,-0.41889767,0.046875908,-0.98890631,-0.98323615,-0.97134623,0.058055977,-0.024006991,-0.031103821,-0.95251521,-0.93148972,-0.97959714,-0.026489988,-0.086821561,0.12018605,-0.95170794,-0.96834668,-0.94386544,-0.1109612,-0.057722741,-0.039061843,-0.94984523,-0.97602371,-0.95500434,-0.95883076,-0.92293487,-0.95883076,-0.92293487,-0.96404005,-0.93386755,-0.95847553,-0.92509765,-0.97088597,-0.95995921,-0.95935318,-0.9008582,-0.96839921,-0.97563293,-0.90761105,-0.96524359,-0.95448426,-0.930852,-0.97577418,-0.95454897,-0.93728902,-0.98214495,-0.9372461,-0.9658466,-0.9379497,-0.95624666,-0.97015055,-0.95097075,-0.93889729,-0.92558908,-0.9486251,-0.91616953,-0.94747945,-0.92406528,-0.9682135,-0.9529879,-0.065276102,0.15637679,-0.15481614,0.13118706,-0.6014156,0.37197819,-0.01046071
"STANDING",2,0.25309467,-0.044192268,-0.13929762,-0.96892213,-0.9103836,-0.91886033,0.88639445,-0.42463213,0.049435445,-0.97642372,-0.94935411,-0.98430715,0.069933008,-0.0029778293,-0.0087410564,-0.94378163,-0.92890125,-0.96683346,-0.025536965,-0.11232642,0.12869787,-0.94013604,-0.9574808,-0.93900763,-0.10432095,-0.027930448,-0.069738881,-0.94481275,-0.96642179,-0.93835316,-0.9254881,-0.93678778,-0.9254881,-0.93678778,-0.95100947,-0.93406878,-0.9350631,-0.93730316,-0.95872291,-0.95653005,-0.95800959,-0.91284737,-0.94305323,-0.9744658,-0.91369708,-0.91183774,-0.94744038,-0.92929704,-0.96320915,-0.94476876,-0.93353671,-0.96888816,-0.92886803,-0.95693278,-0.92857984,-0.94369417,-0.95803225,-0.94835382,-0.937565,-0.9450127,-0.94052192,-0.92477757,-0.94531701,-0.94233863,-0.96366826,-0.95079236,-0.0093711439,0.11069595,-0.24206734,0.44522267,-0.59547026,0.37591329,-0.012193259
"STANDING",2,0.27133883,-0.029954058,-0.11859533,-0.96093148,-0.90503507,-0.87126958,0.8782922,-0.44115702,0.039357117,-0.97823679,-0.94589569,-0.93292764,0.10063345,0.061156235,0.028254346,-0.9110978,-0.90753609,-0.93324296,-0.031374775,-0.053952104,0.073211718,-0.95113006,-0.91043949,-0.91614341,-0.097805754,-0.018566344,-0.081625418,-0.93067604,-0.90816606,-0.90775388,-0.91671002,-0.93474524,-0.91671002,-0.93474524,-0.93070744,-0.87954362,-0.92330487,-0.90547784,-0.93362003,-0.88418956,-0.94008646,-0.88954707,-0.90114002,-0.97319827,-0.91953039,-0.86482459,-0.90958203,-0.9030731,-0.92189602,-0.92108271,-0.92041254,-0.94377726,-0.92800798,-0.89863943,-0.88978221,-0.95883868,-0.91917057,-0.93454571,-0.92074201,-0.95342129,-0.89671319,-0.85890056,-0.89294573,-0.93324624,-0.89482845,-0.87826277,-0.11458797,-0.12940305,0.44438057,0.20811878,-0.57942588,0.38769496,-0.0052648038
"STANDING",2,0.29926682,0.011798517,-0.031653276,-0.94875426,-0.84418244,-0.88070536,0.87638473,-0.44715997,0.039266249,-0.98946113,-0.97012703,-0.91379833,0.072036923,0.019867445,0.00019655927,-0.88857658,-0.86106469,-0.92702027,-0.035775411,-0.010620763,0.03852549,-0.95053621,-0.85592718,-0.74673048,-0.086341844,-0.043942122,-0.04379737,-0.91618991,-0.89101883,-0.73791892,-0.8866145,-0.85899127,-0.8866145,-0.85899127,-0.89156887,-0.88053321,-0.87094775,-0.7753274,-0.89403232,-0.82266518,-0.92600164,-0.84118481,-0.88913982,-0.96120153,-0.85473296,-0.88446849,-0.89059864,-0.85920021,-0.9110382,-0.89640782,-0.87364088,-0.94340129,-0.92821564,-0.84501826,-0.67759186,-0.95790749,-0.86407104,-0.79722974,-0.85460731,-0.88231245,-0.88026295,-0.87894298,-0.78746748,-0.80526513,-0.81999084,-0.83860362,0.034920377,0.63078068,0.36975928,-0.70067134,-0.57360437,0.39173059,-0.0051761577
"STANDING",2,0.29389749,0.01115091,-0.069281198,-0.96241329,-0.86333992,-0.85995713,0.88282593,-0.43031319,0.066307063,-0.97763912,-0.91799566,-0.86717267,0.067964088,-0.0080134702,-0.02831438,-0.92750791,-0.89498259,-0.96125155,-0.031933568,-0.080878973,0.067888599,-0.95451242,-0.87379114,-0.75439235,-0.089551643,-0.055978262,-0.039311445,-0.94605528,-0.93661541,-0.75060083,-0.91424457,-0.84884008,-0.91424457,-0.84884008,-0.93379134,-0.90934307,-0.89507731,-0.7741979,-0.93389188,-0.84068516,-0.94789038,-0.86853152,-0.91512364,-0.97000008,-0.8682478,-0.8440588,-0.93020452,-0.89632312,-0.95727197,-0.93101079,-0.9008797,-0.96363442,-0.93822219,-0.88434909,-0.68299854,-0.95970247,-0.86844779,-0.80544976,-0.88238538,-0.85484132,-0.91905285,-0.89593722,-0.80571585,-0.79151224,-0.83178344,-0.86460754,0.071299628,0.095884488,0.2237389,-0.52483359,-0.58763766,0.37984261,-0.023735867
